id,doc_id,clinic,patient,subject,field,value,line
1,BH-D101,Harbor Grove Behavioral Health,HG-M042,doc:BH-D101,doc_id,BH-D101,1
2,BH-D101,Harbor Grove Behavioral Health,HG-M042,doc:BH-D101,clinic,Harbor Grove Behavioral Health,2
3,BH-D101,Harbor Grove Behavioral Health,HG-M042,doc:BH-D101,patient_name,Rowan Mercer,5
4,BH-D101,Harbor Grove Behavioral Health,HG-M042,doc:BH-D101,mrn,HG-M042,5
5,BH-D101,Harbor Grove Behavioral Health,HG-M042,doc:BH-D101,doc_type,clinical_note,3
6,BH-D101,Harbor Grove Behavioral Health,HG-M042,doc:BH-D101,signed_by,"Leah Chen, LCSW",14
7,BH-D101,Harbor Grove Behavioral Health,HG-M042,doc:BH-D101,signed_at,2026-01-19 12:08,14
8,BH-D101,Harbor Grove Behavioral Health,HG-M042,HG-E110,encounter,HG-E110,4
9,BH-D101,Harbor Grove Behavioral Health,HG-M042,HG-E110,service_date,2026-01-19,3
10,BH-D101,Harbor Grove Behavioral Health,HG-M042,HG-E110,service_type,group,4
11,BH-D101,Harbor Grove Behavioral Health,HG-M042,HG-E110,scheduled_start,10:00,6
12,BH-D101,Harbor Grove Behavioral Health,HG-M042,HG-E110,scheduled_end,11:30,6
13,BH-D101,Harbor Grove Behavioral Health,HG-M042,HG-E110,status,attended,10
14,BH-D101,Harbor Grove Behavioral Health,HG-M042,HG-E110,nontherapeutic_interval,10:45–11:00,6
15,BH-D101,Harbor Grove Behavioral Health,HG-M042,HG-E110,summary,"Skills group on recognizing the sequence of trigger, anxious prediction, physical activation, and avoidance, using a worked example and practice selecting a small approach behavior. Rowan Mercer followed the exercise initially but became visibly tense when discussion turned to returning to the workplace and said it felt difficult to manage; the facilitator offered grounding and arranged a same-day individual meeting with the treating clinician.",
16,BH-D101,Harbor Grove Behavioral Health,HG-M042,doc:BH-D101,extra:facilitator,"Leah Chen, LCSW",4
17,BH-D101,Harbor Grove Behavioral Health,HG-M042,HG-E110,extra:note,Patient-specific arrival and departure are maintained on the attendance roster and are not stated in this note.,10
18,BH-D102,Harbor Grove Behavioral Health,HG-M042,doc:BH-D102,doc_id,BH-D102,1
19,BH-D102,Harbor Grove Behavioral Health,HG-M042,doc:BH-D102,clinic,Harbor Grove Behavioral Health,2
20,BH-D102,Harbor Grove Behavioral Health,HG-M042,doc:BH-D102,patient_name,Rowan Mercer,5
21,BH-D102,Harbor Grove Behavioral Health,HG-M042,doc:BH-D102,mrn,HG-M042,5
22,BH-D102,Harbor Grove Behavioral Health,HG-M042,doc:BH-D102,doc_type,attendance_register,3
23,BH-D102,Harbor Grove Behavioral Health,HG-M042,doc:BH-D102,signed_by,"Leah Chen, LCSW",18
24,BH-D102,Harbor Grove Behavioral Health,HG-M042,doc:BH-D102,signed_at,2026-01-19 12:14,18
25,BH-D102,Harbor Grove Behavioral Health,HG-M042,HG-E110,encounter,HG-E110,4
26,BH-D102,Harbor Grove Behavioral Health,HG-M042,HG-E110,service_date,2026-01-19,4
27,BH-D102,Harbor Grove Behavioral Health,HG-M042,HG-E110,service_type,group,4
28,BH-D102,Harbor Grove Behavioral Health,HG-M042,HG-E110,scheduled_start,10:00,8
29,BH-D102,Harbor Grove Behavioral Health,HG-M042,HG-E110,scheduled_end,11:30,8
30,BH-D102,Harbor Grove Behavioral Health,HG-M042,HG-E110,arrival,10:00,9
31,BH-D102,Harbor Grove Behavioral Health,HG-M042,HG-E110,departure,11:30,9
32,BH-D102,Harbor Grove Behavioral Health,HG-M042,HG-E110,status,attended,9
33,BH-D102,Harbor Grove Behavioral Health,HG-M042,HG-E110,unmapped:location,None,
34,BH-D102,Harbor Grove Behavioral Health,HG-M042,HG-E110,extra:location,Outpatient skills room B,6
35,BH-D102,Harbor Grove Behavioral Health,HG-M042,doc:BH-D102,extra:date_of_birth,1991-04-12,5
36,BH-D103,Harbor Grove Behavioral Health,HG-M042,doc:BH-D103,doc_id,BH-D103,1
37,BH-D103,Harbor Grove Behavioral Health,HG-M042,doc:BH-D103,clinic,Harbor Grove Behavioral Health,2
38,BH-D103,Harbor Grove Behavioral Health,HG-M042,doc:BH-D103,patient_name,Rowan Mercer,4
39,BH-D103,Harbor Grove Behavioral Health,HG-M042,doc:BH-D103,mrn,HG-M042,4
40,BH-D103,Harbor Grove Behavioral Health,HG-M042,doc:BH-D103,doc_type,correction,3
41,BH-D103,Harbor Grove Behavioral Health,HG-M042,doc:BH-D103,signed_by,"Leah Chen, LCSW",15
42,BH-D103,Harbor Grove Behavioral Health,HG-M042,doc:BH-D103,signed_at,2026-01-20 08:42,15
43,BH-D103,Harbor Grove Behavioral Health,HG-M042,HG-E110,encounter,HG-E110,5
44,BH-D103,Harbor Grove Behavioral Health,HG-M042,HG-E110,service_date,2026-01-19,5
45,BH-D103,Harbor Grove Behavioral Health,HG-M042,HG-E110,service_type,group,5
46,BH-D103,Harbor Grove Behavioral Health,HG-M042,HG-E110,arrival,10:00,7
47,BH-D103,Harbor Grove Behavioral Health,HG-M042,HG-E110,departure,11:15,7
48,BH-D103,Harbor Grove Behavioral Health,HG-M042,doc:BH-D103,extra:correction_status,Final,16
49,BH-D103,Harbor Grove Behavioral Health,HG-M042,doc:BH-D103,extra:date_of_birth,1991-04-12,4
50,BH-D103,Harbor Grove Behavioral Health,HG-M042,HG-E110,extra:correction_reason,Original roster retained scheduled group closing time in departure field; room-transfer record shows departure at 11:15,9
51,BH-D104,Harbor Grove Behavioral Health,HG-M042,doc:BH-D104,doc_id,BH-D104,1
52,BH-D104,Harbor Grove Behavioral Health,HG-M042,doc:BH-D104,clinic,Harbor Grove Behavioral Health,2
53,BH-D104,Harbor Grove Behavioral Health,HG-M042,doc:BH-D104,patient_name,Rowan Mercer,6
54,BH-D104,Harbor Grove Behavioral Health,HG-M042,doc:BH-D104,mrn,HG-M042,6
55,BH-D104,Harbor Grove Behavioral Health,HG-M042,doc:BH-D104,doc_type,retransmission,8
56,BH-D104,Harbor Grove Behavioral Health,HG-M042,doc:BH-D104,copy_of,HG-E110,11
57,BH-D104,Harbor Grove Behavioral Health,HG-M042,doc:BH-D104,signed_by,"Leah Chen, LCSW",15
58,BH-D104,Harbor Grove Behavioral Health,HG-M042,doc:BH-D104,signed_at,2026-01-19 12:14,15
59,BH-D104,Harbor Grove Behavioral Health,HG-M042,HG-E110,encounter,HG-E110,11
60,BH-D104,Harbor Grove Behavioral Health,HG-M042,HG-E110,service_date,2026-01-19,11
61,BH-D104,Harbor Grove Behavioral Health,HG-M042,HG-E110,service_type,group,11
62,BH-D104,Harbor Grove Behavioral Health,HG-M042,HG-E110,scheduled_start,10:00,13
63,BH-D104,Harbor Grove Behavioral Health,HG-M042,HG-E110,scheduled_end,11:30,13
64,BH-D104,Harbor Grove Behavioral Health,HG-M042,HG-E110,arrival,10:00,14
65,BH-D104,Harbor Grove Behavioral Health,HG-M042,HG-E110,departure,11:30,14
66,BH-D104,Harbor Grove Behavioral Health,HG-M042,HG-E110,status,attended,14
67,BH-D104,Harbor Grove Behavioral Health,HG-M042,HG-E110,summary,"Rowan attended the opening check-in, accepted the exercise handout, and requested additional help from the individual clinician. Group content is recorded separately.",18
68,BH-D104,Harbor Grove Behavioral Health,HG-M042,doc:BH-D104,extra:location,Outpatient skills room B,12
69,BH-D104,Harbor Grove Behavioral Health,HG-M042,doc:BH-D104,extra:received_at,2026-01-26 16:22,4
70,BH-D104,Harbor Grove Behavioral Health,HG-M042,doc:BH-D104,extra:original_disposition,"Final, signed",16
71,BH-D105,Harbor Grove Behavioral Health,HG-M042,doc:BH-D105,doc_id,BH-D105,1
72,BH-D105,Harbor Grove Behavioral Health,HG-M042,doc:BH-D105,clinic,Harbor Grove Behavioral Health,2
73,BH-D105,Harbor Grove Behavioral Health,HG-M042,doc:BH-D105,patient_name,Rowan Mercer,4
74,BH-D105,Harbor Grove Behavioral Health,HG-M042,doc:BH-D105,mrn,HG-M042,4
75,BH-D105,Harbor Grove Behavioral Health,HG-M042,doc:BH-D105,doc_type,clinical_note,3
76,BH-D105,Harbor Grove Behavioral Health,HG-M042,doc:BH-D105,signed_by,"Mira Patel, LCSW",15
77,BH-D105,Harbor Grove Behavioral Health,HG-M042,doc:BH-D105,signed_at,2026-01-19 12:32,15
78,BH-D105,Harbor Grove Behavioral Health,HG-M042,HG-E111,encounter,HG-E111,3
79,BH-D105,Harbor Grove Behavioral Health,HG-M042,HG-E111,service_date,2026-01-19,5
80,BH-D105,Harbor Grove Behavioral Health,HG-M042,HG-E111,service_type,individual,3
81,BH-D105,Harbor Grove Behavioral Health,HG-M042,HG-E111,modality,in_person,5
82,BH-D105,Harbor Grove Behavioral Health,HG-M042,HG-E111,status,attended,6
83,BH-D105,Harbor Grove Behavioral Health,HG-M042,HG-E111,scheduled_start,11:15,6
84,BH-D105,Harbor Grove Behavioral Health,HG-M042,HG-E111,scheduled_end,11:45,6
85,BH-D105,Harbor Grove Behavioral Health,HG-M042,HG-E111,contact_interval,11:15–11:45,6
86,BH-D105,Harbor Grove Behavioral Health,HG-M042,HG-E111,summary,"Individual visit added because the patient became anxious during group and needed grounding and review of coping strategies. Patient reported feeling overwhelmed by workplace demands discussed in group and worry about returning to work. Work was narrowed to drafting two sentences to a supervisor, with no requirement to send today. Patient denied current suicidal thoughts; no acute safety concern identified.",9
87,BH-D105,Harbor Grove Behavioral Health,HG-M042,HG-E111,extra:duration_completed,30 minutes,6
88,BH-D106,Harbor Grove Behavioral Health,HG-M042,doc:BH-D106,doc_id,BH-D106,1
89,BH-D106,Harbor Grove Behavioral Health,HG-M042,doc:BH-D106,clinic,Harbor Grove Behavioral Health,2
90,BH-D106,Harbor Grove Behavioral Health,HG-M042,doc:BH-D106,patient_name,Rowan Mercer,4
91,BH-D106,Harbor Grove Behavioral Health,HG-M042,doc:BH-D106,mrn,HG-M042,4
92,BH-D106,Harbor Grove Behavioral Health,HG-M042,doc:BH-D106,doc_type,clinical_note,3
93,BH-D106,Harbor Grove Behavioral Health,HG-M042,doc:BH-D106,signed_by,"Mira Patel, LCSW",13
94,BH-D106,Harbor Grove Behavioral Health,HG-M042,doc:BH-D106,signed_at,2026-01-21 15:04,13
95,BH-D106,Harbor Grove Behavioral Health,HG-M042,HG-E112,encounter,HG-E112,3
96,BH-D106,Harbor Grove Behavioral Health,HG-M042,HG-E112,service_date,2026-01-21,5
97,BH-D106,Harbor Grove Behavioral Health,HG-M042,HG-E112,service_type,individual,3
98,BH-D106,Harbor Grove Behavioral Health,HG-M042,HG-E112,modality,video,5
99,BH-D106,Harbor Grove Behavioral Health,HG-M042,HG-E112,status,attended_partial,7
100,BH-D106,Harbor Grove Behavioral Health,HG-M042,HG-E112,contact_interval,13:00–13:20,7
101,BH-D106,Harbor Grove Behavioral Health,HG-M042,HG-E112,contact_interval,13:30–13:55,7
102,BH-D106,Harbor Grove Behavioral Health,HG-M042,HG-E112,patient_present_interval,13:00–13:20,7
103,BH-D106,Harbor Grove Behavioral Health,HG-M042,HG-E112,patient_present_interval,13:30–13:55,7
104,BH-D106,Harbor Grove Behavioral Health,HG-M042,HG-E112,nontherapeutic_interval,13:20–13:30,7
105,BH-D106,Harbor Grove Behavioral Health,HG-M042,HG-E112,summary,"Individual video psychotherapy addressed the patient's hesitation about sending a message about a possible gradual return to work, including checking the draft repeatedly, and practiced choosing a planned time to send it. Sleep routine was discussed after a mixed night of sleep. Connection was lost for 10 minutes and resumed under the same appointment; the patient was engaged and restated the agreed task with no urgent safety concern reported.",9
106,BH-D106,Harbor Grove Behavioral Health,HG-M042,HG-E112,extra:appointment_id,HG-A112,3
107,BH-D106,Harbor Grove Behavioral Health,HG-M042,HG-E112,extra:total_patient_psychotherapy_contact,45 minutes,7
108,BH-D106,Harbor Grove Behavioral Health,HG-M042,HG-E112,extra:connection_loss,Connection lost 13:20–13:30; no therapeutic contact; reconnected under HG-A112,7
109,BH-D107,Harbor Grove Behavioral Health,HG-M042,doc:BH-D107,doc_id,BH-D107,1
110,BH-D107,Harbor Grove Behavioral Health,HG-M042,doc:BH-D107,clinic,Harbor Grove Behavioral Health,2
111,BH-D107,Harbor Grove Behavioral Health,HG-M042,doc:BH-D107,patient_name,Rowan Mercer,4
112,BH-D107,Harbor Grove Behavioral Health,HG-M042,doc:BH-D107,mrn,HG-M042,4
113,BH-D107,Harbor Grove Behavioral Health,HG-M042,doc:BH-D107,doc_type,clinical_note,3
114,BH-D107,Harbor Grove Behavioral Health,HG-M042,doc:BH-D107,signed_by,"Leah Chen, LCSW",10
115,BH-D107,Harbor Grove Behavioral Health,HG-M042,doc:BH-D107,signed_at,2026-01-22 12:06,10
116,BH-D107,Harbor Grove Behavioral Health,HG-M042,HG-E113,encounter,HG-E113,7
117,BH-D107,Harbor Grove Behavioral Health,HG-M042,HG-E113,service_date,2026-01-22,7
118,BH-D107,Harbor Grove Behavioral Health,HG-M042,HG-E113,service_type,group,7
119,BH-D107,Harbor Grove Behavioral Health,HG-M042,HG-E113,scheduled_start,10:00,8
120,BH-D107,Harbor Grove Behavioral Health,HG-M042,HG-E113,scheduled_end,11:30,8
121,BH-D107,Harbor Grove Behavioral Health,HG-M042,HG-E113,summary,"Skills group addressed translating a broad intention into one observable action; members practiced reducing a complicated task to a completable action and identifying a prompting cue. Patient used opening a work calendar as an example and voiced concern that seeing outstanding items would be overwhelming; facilitator encouraged a limited, planned review period and a stopping point. Patient contributed an example after the break.",9
122,BH-D107,Harbor Grove Behavioral Health,HG-M042,HG-E113,nontherapeutic_interval,10:45–11:00,8
123,BH-D107,Harbor Grove Behavioral Health,HG-M042,HG-E118,encounter,HG-E118,12
124,BH-D107,Harbor Grove Behavioral Health,HG-M042,HG-E118,service_date,2026-01-29,12
125,BH-D107,Harbor Grove Behavioral Health,HG-M042,HG-E118,service_type,group,12
126,BH-D107,Harbor Grove Behavioral Health,HG-M042,HG-E118,scheduled_start,10:00,13
127,BH-D107,Harbor Grove Behavioral Health,HG-M042,HG-E118,scheduled_end,11:30,13
128,BH-D107,Harbor Grove Behavioral Health,HG-M042,HG-E118,summary,"Skills group reviewed setbacks when practicing approach behaviors; members identified an initial effort, follow-through difficulties, and an adjustment. Patient reported opening the work calendar but delaying a follow-up conversation; facilitator helped identify a specific question to ask. Patient participated in paired rehearsal and accepted feedback about keeping requests brief.",14
129,BH-D107,Harbor Grove Behavioral Health,HG-M042,HG-E118,nontherapeutic_interval,10:45–11:00,13
130,BH-D107,Harbor Grove Behavioral Health,HG-M042,doc:BH-D107,extra:note,"Patient arrival, departure, and attendance status are recorded in the separate attendance register, not in this document.",17
131,BH-D107,Harbor Grove Behavioral Health,HG-M042,HG-E113,extra:patient_arrival,Patient joined after the discussion had begun; exact arrival time is in the attendance register.,9
132,BH-D108,Harbor Grove Behavioral Health,HG-M042,doc:BH-D108,doc_id,BH-D108,1
133,BH-D108,Harbor Grove Behavioral Health,HG-M042,doc:BH-D108,clinic,Harbor Grove Behavioral Health,2
134,BH-D108,Harbor Grove Behavioral Health,HG-M042,doc:BH-D108,patient_name,Rowan Mercer,4
135,BH-D108,Harbor Grove Behavioral Health,HG-M042,doc:BH-D108,mrn,HG-M042,4
136,BH-D108,Harbor Grove Behavioral Health,HG-M042,doc:BH-D108,doc_type,attendance_register,3
137,BH-D108,Harbor Grove Behavioral Health,HG-M042,doc:BH-D108,signed_by,"Leah Chen, LCSW",14
138,BH-D108,Harbor Grove Behavioral Health,HG-M042,doc:BH-D108,signed_at,2026-01-29 12:15,20
139,BH-D108,Harbor Grove Behavioral Health,HG-M042,HG-E113,encounter,HG-E113,9
140,BH-D108,Harbor Grove Behavioral Health,HG-M042,HG-E113,service_date,2026-01-22,9
141,BH-D108,Harbor Grove Behavioral Health,HG-M042,HG-E113,service_type,group,9
142,BH-D108,Harbor Grove Behavioral Health,HG-M042,HG-E113,scheduled_start,10:00,9
143,BH-D108,Harbor Grove Behavioral Health,HG-M042,HG-E113,scheduled_end,11:30,9
144,BH-D108,Harbor Grove Behavioral Health,HG-M042,HG-E113,arrival,10:30,9
145,BH-D108,Harbor Grove Behavioral Health,HG-M042,HG-E113,departure,11:30,9
146,BH-D108,Harbor Grove Behavioral Health,HG-M042,HG-E113,status,attended,9
147,BH-D108,Harbor Grove Behavioral Health,HG-M042,HG-E113,patient_present,10:30–11:30,14
148,BH-D108,Harbor Grove Behavioral Health,HG-M042,HG-E113,contact_interval,10:30–11:30,14
149,BH-D108,Harbor Grove Behavioral Health,HG-M042,HG-E116,encounter,HG-E116,10
150,BH-D108,Harbor Grove Behavioral Health,HG-M042,HG-E116,service_date,2026-01-27,10
151,BH-D108,Harbor Grove Behavioral Health,HG-M042,HG-E116,service_type,group,10
152,BH-D108,Harbor Grove Behavioral Health,HG-M042,HG-E116,scheduled_start,10:00,10
153,BH-D108,Harbor Grove Behavioral Health,HG-M042,HG-E116,scheduled_end,11:30,10
154,BH-D108,Harbor Grove Behavioral Health,HG-M042,HG-E116,status,no_show,10
155,BH-D108,Harbor Grove Behavioral Health,HG-M042,HG-E117,encounter,HG-E117,11
156,BH-D108,Harbor Grove Behavioral Health,HG-M042,HG-E117,service_date,2026-01-28,11
157,BH-D108,Harbor Grove Behavioral Health,HG-M042,HG-E117,service_type,individual,11
158,BH-D108,Harbor Grove Behavioral Health,HG-M042,HG-E117,scheduled_start,14:00,11
159,BH-D108,Harbor Grove Behavioral Health,HG-M042,HG-E117,scheduled_end,14:45,11
160,BH-D108,Harbor Grove Behavioral Health,HG-M042,HG-E117,status,patient_cancelled,18
161,BH-D108,Harbor Grove Behavioral Health,HG-M042,HG-E118,encounter,HG-E118,12
162,BH-D108,Harbor Grove Behavioral Health,HG-M042,HG-E118,service_date,2026-01-29,12
163,BH-D108,Harbor Grove Behavioral Health,HG-M042,HG-E118,service_type,group,12
164,BH-D108,Harbor Grove Behavioral Health,HG-M042,HG-E118,scheduled_start,10:00,12
165,BH-D108,Harbor Grove Behavioral Health,HG-M042,HG-E118,scheduled_end,11:30,12
166,BH-D108,Harbor Grove Behavioral Health,HG-M042,HG-E118,arrival,10:00,12
167,BH-D108,Harbor Grove Behavioral Health,HG-M042,HG-E118,departure,11:30,12
168,BH-D108,Harbor Grove Behavioral Health,HG-M042,HG-E118,status,attended,12
169,BH-D108,Harbor Grove Behavioral Health,HG-M042,HG-E118,patient_present,10:00–11:30,20
170,BH-D108,Harbor Grove Behavioral Health,HG-M042,HG-E118,contact_interval,10:00–11:30,20
171,BH-D108,Harbor Grove Behavioral Health,HG-M042,HG-E117,extra:encounter_note,No replacement appointment booked within January 2026,18
172,BH-D108,Harbor Grove Behavioral Health,HG-M042,HG-E116,extra:encounter_note,Outreach message left after group; no clinical discussion occurred,16
173,BH-D109,Harbor Grove Behavioral Health,HG-M042,doc:BH-D109,doc_id,BH-D109,1
174,BH-D109,Harbor Grove Behavioral Health,HG-M042,doc:BH-D109,clinic,Harbor Grove Behavioral Health,2
175,BH-D109,Harbor Grove Behavioral Health,HG-M042,doc:BH-D109,patient_name,Rowan Mercer,4
176,BH-D109,Harbor Grove Behavioral Health,HG-M042,doc:BH-D109,mrn,HG-M042,4
177,BH-D109,Harbor Grove Behavioral Health,HG-M042,doc:BH-D109,doc_type,clinical_note,3
178,BH-D109,Harbor Grove Behavioral Health,HG-M042,doc:BH-D109,signed_by,"Mira Patel, LCSW",15
179,BH-D109,Harbor Grove Behavioral Health,HG-M042,doc:BH-D109,signed_at,2026-01-23 10:02,15
180,BH-D109,Harbor Grove Behavioral Health,HG-M042,HG-E114,encounter,HG-E114,3
181,BH-D109,Harbor Grove Behavioral Health,HG-M042,HG-E114,service_date,2026-01-23,5
182,BH-D109,Harbor Grove Behavioral Health,HG-M042,HG-E114,service_type,coordination,6
183,BH-D109,Harbor Grove Behavioral Health,HG-M042,HG-E114,scheduled_start,09:00,5
184,BH-D109,Harbor Grove Behavioral Health,HG-M042,HG-E114,scheduled_end,09:20,5
185,BH-D109,Harbor Grove Behavioral Health,HG-M042,HG-E114,status,attended,7
186,BH-D109,Harbor Grove Behavioral Health,HG-M042,HG-E114,patient_present,false,7
187,BH-D109,Harbor Grove Behavioral Health,HG-M042,HG-E114,summary,"Professional-only care coordination call between Mira Patel, LCSW, and outside social worker Daniel Shaw, with a release on file, about practical supports for a gradual return to work. No patient contact occurred, no employment determination was made, and no change to medication or psychotherapy frequency was made.",9
188,BH-D109,Harbor Grove Behavioral Health,HG-M042,doc:BH-D109,extra:patient_contact,No patient contact; professionals only; patient did not join by telephone or video,13
189,BH-D110,Harbor Grove Behavioral Health,HG-M042,doc:BH-D110,doc_id,BH-D110,1
190,BH-D110,Harbor Grove Behavioral Health,HG-M042,doc:BH-D110,clinic,Harbor Grove Behavioral Health,2
191,BH-D110,Harbor Grove Behavioral Health,HG-M042,doc:BH-D110,patient_name,Rowan Mercer,4
192,BH-D110,Harbor Grove Behavioral Health,HG-M042,doc:BH-D110,mrn,HG-M042,4
193,BH-D110,Harbor Grove Behavioral Health,HG-M042,doc:BH-D110,doc_type,clinical_note,3
194,BH-D110,Harbor Grove Behavioral Health,HG-M042,doc:BH-D110,signed_by,"Mira Patel, LCSW",15
195,BH-D110,Harbor Grove Behavioral Health,HG-M042,doc:BH-D110,signed_at,2026-01-26 11:16,15
196,BH-D110,Harbor Grove Behavioral Health,HG-M042,HG-E115,encounter,HG-E115,3
197,BH-D110,Harbor Grove Behavioral Health,HG-M042,HG-E115,service_date,2026-01-26,5
198,BH-D110,Harbor Grove Behavioral Health,HG-M042,HG-E115,service_type,individual,3
199,BH-D110,Harbor Grove Behavioral Health,HG-M042,HG-E115,modality,in_person,5
200,BH-D110,Harbor Grove Behavioral Health,HG-M042,HG-E115,status,attended,7
201,BH-D110,Harbor Grove Behavioral Health,HG-M042,HG-E115,contact_interval,09:00–09:50,7
202,BH-D110,Harbor Grove Behavioral Health,HG-M042,HG-E115,summary,"Individual psychotherapy addressing the patient's hesitation to respond to a supervisor's request for next-step discussion, with rehearsal of a brief response and a grounding cue. Sleep remained uneven and avoidance and bedtime routine continued as focus areas. No current suicidal ideation was reported.",9
203,BH-D110,Harbor Grove Behavioral Health,HG-M042,HG-E115,extra:appointment_id,HG-A115,3
204,BH-D110,Harbor Grove Behavioral Health,HG-M042,HG-E115,extra:clinicians,"Mira Patel, LCSW; Nora Ellis, LCSW",6
205,BH-D110,Harbor Grove Behavioral Health,HG-M042,doc:BH-D110,extra:record_status,Final,16
206,BH-D111,Harbor Grove Behavioral Health,HG-M042,doc:BH-D111,doc_id,BH-D111,1
207,BH-D111,Harbor Grove Behavioral Health,HG-M042,doc:BH-D111,clinic,Harbor Grove Behavioral Health,2
208,BH-D111,Harbor Grove Behavioral Health,HG-M042,doc:BH-D111,patient_name,Rowan Mercer,5
209,BH-D111,Harbor Grove Behavioral Health,HG-M042,doc:BH-D111,mrn,HG-M042,5
210,BH-D111,Harbor Grove Behavioral Health,HG-M042,doc:BH-D111,doc_type,clinical_note,3
211,BH-D111,Harbor Grove Behavioral Health,HG-M042,doc:BH-D111,signed_by,"Nora Ellis, LCSW",16
212,BH-D111,Harbor Grove Behavioral Health,HG-M042,doc:BH-D111,signed_at,2026-01-26 12:03,16
213,BH-D111,Harbor Grove Behavioral Health,HG-M042,HG-E115,encounter,HG-E115,4
214,BH-D111,Harbor Grove Behavioral Health,HG-M042,HG-E115,service_date,2026-01-26,4
215,BH-D111,Harbor Grove Behavioral Health,HG-M042,HG-E115,service_type,individual,6
216,BH-D111,Harbor Grove Behavioral Health,HG-M042,HG-E115,modality,in_person,6
217,BH-D111,Harbor Grove Behavioral Health,HG-M042,HG-E115,status,attended,7
218,BH-D111,Harbor Grove Behavioral Health,HG-M042,HG-E115,scheduled_start,09:10,10
219,BH-D111,Harbor Grove Behavioral Health,HG-M042,HG-E115,scheduled_end,09:50,10
220,BH-D111,Harbor Grove Behavioral Health,HG-M042,HG-E115,contact_interval,09:10–09:50,10
221,BH-D111,Harbor Grove Behavioral Health,HG-M042,HG-E115,summary,"Individual in-person psychotherapy addressing difficulty moving from a supervisor's reply to arranging the next conversation, with anticipatory overwhelm about work issues. Rehearsed a specific, brief conversation request and a grounding exercise; patient remained uncertain about using the cue independently when anxious. Presentation consistent with ongoing anxiety, low mood, and functional difficulty around work demands; plan to continue individual and group work.",14
222,BH-D111,Harbor Grove Behavioral Health,HG-M042,HG-E115,extra:appointment_id,HG-A115,4
223,BH-D111,Harbor Grove Behavioral Health,HG-M042,HG-E115,extra:participating_clinician,"Mira Patel, LCSW",8
224,BH-D111,Harbor Grove Behavioral Health,HG-M042,doc:BH-D111,extra:record_status,Final,17
225,BH-D112,Harbor Grove Behavioral Health,HG-M042,doc:BH-D112,doc_id,BH-D112,1
226,BH-D112,Harbor Grove Behavioral Health,HG-M042,doc:BH-D112,clinic,Harbor Grove Behavioral Health,2
227,BH-D112,Harbor Grove Behavioral Health,HG-M042,doc:BH-D112,patient_name,Rowan Mercer,4
228,BH-D112,Harbor Grove Behavioral Health,HG-M042,doc:BH-D112,mrn,HG-M042,4
229,BH-D112,Harbor Grove Behavioral Health,HG-M042,doc:BH-D112,doc_type,admin,3
230,BH-D112,Harbor Grove Behavioral Health,HG-M042,doc:BH-D112,unsigned,true,13
231,BH-D112,Harbor Grove Behavioral Health,HG-M042,HG-E116,encounter,HG-E116,5
232,BH-D112,Harbor Grove Behavioral Health,HG-M042,HG-E116,service_date,2026-01-27,5
233,BH-D112,Harbor Grove Behavioral Health,HG-M042,HG-E116,service_type,group,10
234,BH-D112,Harbor Grove Behavioral Health,HG-M042,HG-E116,scheduled_start,10:00,10
235,BH-D112,Harbor Grove Behavioral Health,HG-M042,HG-E116,scheduled_end,11:30,10
236,BH-D112,Harbor Grove Behavioral Health,HG-M042,HG-E116,status,scheduled,10
237,BH-D112,Harbor Grove Behavioral Health,HG-M042,HG-E116,summary,Unsigned auto-generated template draft only; no clinician-documented session content. Charge CH-116 for group psychotherapy (1 group session) posted 2026-01-27 18:06.,16
238,BH-D112,Harbor Grove Behavioral Health,HG-M042,HG-E116,extra:charge_id,CH-116,19
239,BH-D112,Harbor Grove Behavioral Health,HG-M042,HG-E116,extra:charge_status,Posted,23
240,BH-D112,Harbor Grove Behavioral Health,HG-M042,HG-E116,extra:charge_description,"Group psychotherapy, quantity 1 group session",21
241,BH-D112,Harbor Grove Behavioral Health,HG-M042,HG-E116,extra:draft_attendance_text_not_verified,Template text states full attendance but is unsigned and system-generated; not a clinician attestation,11
242,BH-D112,Harbor Grove Behavioral Health,HG-M042,HG-E116,extra:posting_date,2026-01-27 18:06,20
243,BH-D113,Harbor Grove Behavioral Health,HG-M042,doc:BH-D113,doc_id,BH-D113,1
244,BH-D113,Harbor Grove Behavioral Health,HG-M042,doc:BH-D113,clinic,Harbor Grove Behavioral Health,2
245,BH-D113,Harbor Grove Behavioral Health,HG-M042,doc:BH-D113,patient_name,Rowan Mercer,4
246,BH-D113,Harbor Grove Behavioral Health,HG-M042,doc:BH-D113,mrn,HG-M042,4
247,BH-D113,Harbor Grove Behavioral Health,HG-M042,doc:BH-D113,doc_type,clinical_note,3
248,BH-D113,Harbor Grove Behavioral Health,HG-M042,doc:BH-D113,signed_by,"Mira Patel, LCSW",15
249,BH-D113,Harbor Grove Behavioral Health,HG-M042,doc:BH-D113,signed_at,2026-01-30 14:18,15
250,BH-D113,Harbor Grove Behavioral Health,HG-M042,HG-E119,encounter,HG-E119,3
251,BH-D113,Harbor Grove Behavioral Health,HG-M042,HG-E119,service_date,2026-01-30,5
252,BH-D113,Harbor Grove Behavioral Health,HG-M042,HG-E119,service_type,family,3
253,BH-D113,Harbor Grove Behavioral Health,HG-M042,HG-E119,modality,in_person,5
254,BH-D113,Harbor Grove Behavioral Health,HG-M042,HG-E119,scheduled_start,13:00,6
255,BH-D113,Harbor Grove Behavioral Health,HG-M042,HG-E119,scheduled_end,13:45,6
256,BH-D113,Harbor Grove Behavioral Health,HG-M042,HG-E119,status,attended_partial,7
257,BH-D113,Harbor Grove Behavioral Health,HG-M042,HG-E119,contact_interval,13:00–13:45,6
258,BH-D113,Harbor Grove Behavioral Health,HG-M042,HG-E119,patient_present_interval,13:15–13:45,7
259,BH-D113,Harbor Grove Behavioral Health,HG-M042,HG-E119,nontherapeutic_interval,13:00–13:15,7
260,BH-D113,Harbor Grove Behavioral Health,HG-M042,HG-E119,summary,"Patient's partner Casey attended first and discussed uncertainty about when reminders helped or increased Rowan's pressure; Rowan was not present for the first 15 minutes. Rowan joined at 13:15 and, with Casey, identified a pattern of reminders about contacting work leading to withdrawal, rehearsed requesting a specific kind of help, and agreed to one planned check-in. Rowan remained anxious but could explain the first step and found a limited plan more manageable. Plan: continue current outpatient treatment plan and revisit the communication pattern.",
261,BH-D113,Harbor Grove Behavioral Health,HG-M042,doc:BH-D113,extra:Dates of birth,Rowan Mercer DOB 1991-04-12,
262,BH-D113,Harbor Grove Behavioral Health,HG-M042,HG-E119,extra:Partner present,Casey Mercer (partner) attended first; not a patient encounter participant for the 13:00–13:15 interval,
263,BH-D114,Harbor Grove Behavioral Health,HG-M042,doc:BH-D114,doc_id,BH-D114,1
264,BH-D114,Harbor Grove Behavioral Health,HG-M042,doc:BH-D114,clinic,Harbor Grove Behavioral Health,2
265,BH-D114,Harbor Grove Behavioral Health,HG-M042,doc:BH-D114,patient_name,Rowan Mercer,4
266,BH-D114,Harbor Grove Behavioral Health,HG-M042,doc:BH-D114,mrn,HG-M042,4
267,BH-D114,Harbor Grove Behavioral Health,HG-M042,doc:BH-D114,doc_type,clinical_note,3
268,BH-D114,Harbor Grove Behavioral Health,HG-M042,doc:BH-D114,signed_by,"Elena Ortiz, PMHNP",14
269,BH-D114,Harbor Grove Behavioral Health,HG-M042,doc:BH-D114,signed_at,2026-01-30 16:02,14
270,BH-D114,Harbor Grove Behavioral Health,HG-M042,HG-E120,encounter,HG-E120,3
271,BH-D114,Harbor Grove Behavioral Health,HG-M042,HG-E120,service_date,2026-01-30,5
272,BH-D114,Harbor Grove Behavioral Health,HG-M042,HG-E120,service_type,medication,3
273,BH-D114,Harbor Grove Behavioral Health,HG-M042,HG-E120,scheduled_start,15:00,5
274,BH-D114,Harbor Grove Behavioral Health,HG-M042,HG-E120,scheduled_end,15:20,5
275,BH-D114,Harbor Grove Behavioral Health,HG-M042,HG-E120,status,attended,5
276,BH-D114,Harbor Grove Behavioral Health,HG-M042,HG-E120,summary,"Medication management follow-up for Rowan Mercer. Regimen, adherence, tolerability, and interval symptoms reviewed; patient denied current suicidal thoughts and no new acute safety issue emerged. No medication change made; continue current regimen with monitoring. No separately documented psychotherapy was provided.",8
277,BH-D114,Harbor Grove Behavioral Health,HG-M042,doc:BH-D114,extra:record_status,Final,15
278,BH-D114,Harbor Grove Behavioral Health,HG-M042,HG-E120,extra:prescriber,"Elena Ortiz, PMHNP",6
279,BH-D114,Harbor Grove Behavioral Health,HG-M042,HG-E120,extra:patient_dob,1991-04-12,4
280,BH-D115,Harbor Grove Behavioral Health,HG-M042,doc:BH-D115,doc_id,BH-D115,1
281,BH-D115,Harbor Grove Behavioral Health,HG-M042,doc:BH-D115,clinic,Harbor Grove Behavioral Health,2
282,BH-D115,Harbor Grove Behavioral Health,HG-M042,doc:BH-D115,patient_name,Rowan Mercer,4
283,BH-D115,Harbor Grove Behavioral Health,HG-M042,doc:BH-D115,mrn,HG-M042,4
284,BH-D115,Harbor Grove Behavioral Health,HG-M042,doc:BH-D115,doc_type,clinical_note,3
285,BH-D115,Harbor Grove Behavioral Health,HG-M042,doc:BH-D115,signed_by,"Mira Patel, LCSW",16
286,BH-D115,Harbor Grove Behavioral Health,HG-M042,doc:BH-D115,signed_at,2026-01-30 16:20,16
287,BH-D115,Harbor Grove Behavioral Health,HG-M042,measure:BH-D115:0,score_name,PHQ-9,6
288,BH-D115,Harbor Grove Behavioral Health,HG-M042,measure:BH-D115:0,score_value,10,6
289,BH-D115,Harbor Grove Behavioral Health,HG-M042,measure:BH-D115:0,completed_on,2026-01-30,5
290,BH-D115,Harbor Grove Behavioral Health,HG-M042,doc:BH-D115,extra:item 9 score,0,6
291,BH-D115,Harbor Grove Behavioral Health,HG-M042,doc:BH-D115,extra:clinical review,Partial improvement with persistent avoidance and functional impact around work; continued treatment recommended; continue established individual and group schedule.,10
292,BH-D006,Harbor Grove Behavioral Health,HG-M042,doc:BH-D006,doc_id,BH-D006,1
293,BH-D006,Harbor Grove Behavioral Health,HG-M042,doc:BH-D006,clinic,Harbor Grove Behavioral Health,4
294,BH-D006,Harbor Grove Behavioral Health,HG-M042,doc:BH-D006,patient_name,Rowan Mercer,5
295,BH-D006,Harbor Grove Behavioral Health,HG-M042,doc:BH-D006,mrn,HG-M042,5
296,BH-D006,Harbor Grove Behavioral Health,HG-M042,doc:BH-D006,doc_type,scheduling_export,6
297,BH-D006,Harbor Grove Behavioral Health,HG-M042,HG-E101,encounter,HG-E101,10
298,BH-D006,Harbor Grove Behavioral Health,HG-M042,HG-E101,service_date,2026-01-05,10
299,BH-D006,Harbor Grove Behavioral Health,HG-M042,HG-E101,service_type,individual,10
300,BH-D006,Harbor Grove Behavioral Health,HG-M042,HG-E101,scheduled_start,09:00,10
301,BH-D006,Harbor Grove Behavioral Health,HG-M042,HG-E101,scheduled_end,09:50,10
302,BH-D006,Harbor Grove Behavioral Health,HG-M042,HG-E101,status,attended,10
303,BH-D006,Harbor Grove Behavioral Health,HG-M042,HG-E102,encounter,HG-E102,11
304,BH-D006,Harbor Grove Behavioral Health,HG-M042,HG-E102,service_date,2026-01-06,11
305,BH-D006,Harbor Grove Behavioral Health,HG-M042,HG-E102,service_type,group,11
306,BH-D006,Harbor Grove Behavioral Health,HG-M042,HG-E102,scheduled_start,10:00,11
307,BH-D006,Harbor Grove Behavioral Health,HG-M042,HG-E102,scheduled_end,11:30,11
308,BH-D006,Harbor Grove Behavioral Health,HG-M042,HG-E102,status,attended_partial,11
309,BH-D006,Harbor Grove Behavioral Health,HG-M042,HG-E103,encounter,HG-E103,12
310,BH-D006,Harbor Grove Behavioral Health,HG-M042,HG-E103,service_date,2026-01-08,12
311,BH-D006,Harbor Grove Behavioral Health,HG-M042,HG-E103,service_type,individual,12
312,BH-D006,Harbor Grove Behavioral Health,HG-M042,HG-E103,scheduled_start,11:00,12
313,BH-D006,Harbor Grove Behavioral Health,HG-M042,HG-E103,scheduled_end,11:45,12
314,BH-D006,Harbor Grove Behavioral Health,HG-M042,HG-E103,status,no_show,12
315,BH-D006,Harbor Grove Behavioral Health,HG-M042,HG-E104,encounter,HG-E104,13
316,BH-D006,Harbor Grove Behavioral Health,HG-M042,HG-E104,service_date,2026-01-09,13
317,BH-D006,Harbor Grove Behavioral Health,HG-M042,HG-E104,service_type,family,13
318,BH-D006,Harbor Grove Behavioral Health,HG-M042,HG-E104,scheduled_start,14:00,13
319,BH-D006,Harbor Grove Behavioral Health,HG-M042,HG-E104,scheduled_end,14:45,13
320,BH-D006,Harbor Grove Behavioral Health,HG-M042,HG-E104,status,attended,13
321,BH-D006,Harbor Grove Behavioral Health,HG-M042,HG-E105,encounter,HG-E105,14
322,BH-D006,Harbor Grove Behavioral Health,HG-M042,HG-E105,service_date,2026-01-12,14
323,BH-D006,Harbor Grove Behavioral Health,HG-M042,HG-E105,service_type,group,14
324,BH-D006,Harbor Grove Behavioral Health,HG-M042,HG-E105,scheduled_start,10:00,14
325,BH-D006,Harbor Grove Behavioral Health,HG-M042,HG-E105,scheduled_end,11:30,14
326,BH-D006,Harbor Grove Behavioral Health,HG-M042,HG-E105,status,attended,14
327,BH-D006,Harbor Grove Behavioral Health,HG-M042,HG-E106,encounter,HG-E106,15
328,BH-D006,Harbor Grove Behavioral Health,HG-M042,HG-E106,service_date,2026-01-13,15
329,BH-D006,Harbor Grove Behavioral Health,HG-M042,HG-E106,service_type,medication,15
330,BH-D006,Harbor Grove Behavioral Health,HG-M042,HG-E106,scheduled_start,09:00,15
331,BH-D006,Harbor Grove Behavioral Health,HG-M042,HG-E106,scheduled_end,09:25,15
332,BH-D006,Harbor Grove Behavioral Health,HG-M042,HG-E106,status,attended,15
333,BH-D006,Harbor Grove Behavioral Health,HG-M042,HG-E107,encounter,HG-E107,16
334,BH-D006,Harbor Grove Behavioral Health,HG-M042,HG-E107,service_date,2026-01-14,16
335,BH-D006,Harbor Grove Behavioral Health,HG-M042,HG-E107,service_type,individual,16
336,BH-D006,Harbor Grove Behavioral Health,HG-M042,HG-E107,scheduled_start,11:00,16
337,BH-D006,Harbor Grove Behavioral Health,HG-M042,HG-E107,scheduled_end,11:45,16
338,BH-D006,Harbor Grove Behavioral Health,HG-M042,HG-E107,status,attended,16
339,BH-D006,Harbor Grove Behavioral Health,HG-M042,HG-E108,encounter,HG-E108,17
340,BH-D006,Harbor Grove Behavioral Health,HG-M042,HG-E108,service_date,2026-01-15,17
341,BH-D006,Harbor Grove Behavioral Health,HG-M042,HG-E108,service_type,group,17
342,BH-D006,Harbor Grove Behavioral Health,HG-M042,HG-E108,scheduled_start,10:00,17
343,BH-D006,Harbor Grove Behavioral Health,HG-M042,HG-E108,scheduled_end,11:30,17
344,BH-D006,Harbor Grove Behavioral Health,HG-M042,HG-E108,status,clinic_cancelled,17
345,BH-D006,Harbor Grove Behavioral Health,HG-M042,HG-E109,encounter,HG-E109,18
346,BH-D006,Harbor Grove Behavioral Health,HG-M042,HG-E109,service_date,2026-01-16,18
347,BH-D006,Harbor Grove Behavioral Health,HG-M042,HG-E109,service_type,collateral,18
348,BH-D006,Harbor Grove Behavioral Health,HG-M042,HG-E109,scheduled_start,14:00,18
349,BH-D006,Harbor Grove Behavioral Health,HG-M042,HG-E109,scheduled_end,14:40,18
350,BH-D006,Harbor Grove Behavioral Health,HG-M042,HG-E109,status,attended,18
351,BH-D006,Harbor Grove Behavioral Health,HG-M042,HG-E103,extra:desk_comment,HG-E103 remained unarrived at close of its appointment slot; outreach assigned to individual therapist's support queue.,20
352,BH-D006,Harbor Grove Behavioral Health,HG-M042,HG-E108,extra:desk_comment,HG-E108 removed from active room schedule after staff illness; cancellation message released to all registered members.,20
353,BH-D006,Harbor Grove Behavioral Health,HG-M042,HG-E109,extra:desk_comment,Retained as partner collateral contact after patient could not attend.,20
354,BH-D005,Harbor Grove Behavioral Health,HG-M042,doc:BH-D005,doc_id,BH-D005,1
355,BH-D005,Harbor Grove Behavioral Health,HG-M042,doc:BH-D005,clinic,Harbor Grove Behavioral Health,4
356,BH-D005,Harbor Grove Behavioral Health,HG-M042,doc:BH-D005,patient_name,Rowan Mercer,5
357,BH-D005,Harbor Grove Behavioral Health,HG-M042,doc:BH-D005,mrn,HG-M042,5
358,BH-D005,Harbor Grove Behavioral Health,HG-M042,doc:BH-D005,doc_type,attendance_register,4
359,BH-D005,Harbor Grove Behavioral Health,HG-M042,HG-E102,encounter,HG-E102,10
360,BH-D005,Harbor Grove Behavioral Health,HG-M042,HG-E102,service_date,2026-01-06,10
361,BH-D005,Harbor Grove Behavioral Health,HG-M042,HG-E102,service_type,group,10
362,BH-D005,Harbor Grove Behavioral Health,HG-M042,HG-E102,scheduled_start,10:00,10
363,BH-D005,Harbor Grove Behavioral Health,HG-M042,HG-E102,scheduled_end,11:30,10
364,BH-D005,Harbor Grove Behavioral Health,HG-M042,HG-E102,arrival,10:15,10
365,BH-D005,Harbor Grove Behavioral Health,HG-M042,HG-E102,departure,11:15,13
366,BH-D005,Harbor Grove Behavioral Health,HG-M042,HG-E102,status,attended_partial,10
367,BH-D005,Harbor Grove Behavioral Health,HG-M042,HG-E102,patient_present_interval,10:15–11:15,10
368,BH-D005,Harbor Grove Behavioral Health,HG-M042,HG-E105,encounter,HG-E105,11
369,BH-D005,Harbor Grove Behavioral Health,HG-M042,HG-E105,service_date,2026-01-12,11
370,BH-D005,Harbor Grove Behavioral Health,HG-M042,HG-E105,service_type,group,11
371,BH-D005,Harbor Grove Behavioral Health,HG-M042,HG-E105,scheduled_start,10:00,11
372,BH-D005,Harbor Grove Behavioral Health,HG-M042,HG-E105,scheduled_end,11:30,11
373,BH-D005,Harbor Grove Behavioral Health,HG-M042,HG-E105,arrival,10:00,11
374,BH-D005,Harbor Grove Behavioral Health,HG-M042,HG-E105,departure,11:30,11
375,BH-D005,Harbor Grove Behavioral Health,HG-M042,HG-E105,status,attended,11
376,BH-D005,Harbor Grove Behavioral Health,HG-M042,HG-E105,contact_interval,10:00–11:30,11
377,BH-D005,Harbor Grove Behavioral Health,HG-M042,doc:BH-D005,extra:extract_prepared,2026-01-12 15:10 by N. Ellis,6
378,BH-D005,Harbor Grove Behavioral Health,HG-M042,HG-E102,extra:departure_note,Patient left early for a previously arranged ride; did not re-enter group room after departing,13
379,BH-D008,Harbor Grove Behavioral Health,HG-M042,doc:BH-D008,doc_id,BH-D008,1
380,BH-D008,Harbor Grove Behavioral Health,HG-M042,doc:BH-D008,clinic,Harbor Grove Behavioral Health,4
381,BH-D008,Harbor Grove Behavioral Health,HG-M042,doc:BH-D008,patient_name,Rowan Mercer,5
382,BH-D008,Harbor Grove Behavioral Health,HG-M042,doc:BH-D008,mrn,HG-M042,5
383,BH-D008,Harbor Grove Behavioral Health,HG-M042,doc:BH-D008,doc_type,clinical_note,4
384,BH-D008,Harbor Grove Behavioral Health,HG-M042,doc:BH-D008,signed_by,"Leena Park, LPC",7
385,BH-D008,Harbor Grove Behavioral Health,HG-M042,doc:BH-D008,signed_at,2026-01-10 08:42,9
386,BH-D008,Harbor Grove Behavioral Health,HG-M042,HG-E104,encounter,HG-E104,6
387,BH-D008,Harbor Grove Behavioral Health,HG-M042,HG-E104,service_date,2026-01-09,6
388,BH-D008,Harbor Grove Behavioral Health,HG-M042,HG-E104,service_type,family,6
389,BH-D008,Harbor Grove Behavioral Health,HG-M042,HG-E104,scheduled_start,14:00,6
390,BH-D008,Harbor Grove Behavioral Health,HG-M042,HG-E104,scheduled_end,14:45,6
391,BH-D008,Harbor Grove Behavioral Health,HG-M042,HG-E104,status,attended,8
392,BH-D008,Harbor Grove Behavioral Health,HG-M042,HG-E104,contact_interval,14:00–14:45,8
393,BH-D008,Harbor Grove Behavioral Health,HG-M042,HG-E104,patient_present_interval,14:00–14:45,8
394,BH-D008,Harbor Grove Behavioral Health,HG-M042,HG-E104,summary,"Family session with Rowan Mercer and Casey Mercer, facilitated by Leena Park, LPC, with Mara Voss, LCSW. Focus was on communication practice when slowing down an anxious exchange about the return-to-work process; both participants reflected each other's concerns and agreed on a brief predictable check-in and a shared evening walk.",11
395,BH-D008,Harbor Grove Behavioral Health,HG-M042,HG-E104,extra:participants,Rowan Mercer and Casey Mercer; both present for the full 45 minutes,8
396,BH-D008,Harbor Grove Behavioral Health,HG-M042,doc:BH-D008,extra:training_notice,Synthetic training record; entirely fictional patient and organization,2
397,BH-D007,Harbor Grove Behavioral Health,HG-M042,doc:BH-D007,doc_id,BH-D007,1
398,BH-D007,Harbor Grove Behavioral Health,HG-M042,doc:BH-D007,clinic,Harbor Grove Behavioral Health,4
399,BH-D007,Harbor Grove Behavioral Health,HG-M042,doc:BH-D007,patient_name,Rowan Mercer,5
400,BH-D007,Harbor Grove Behavioral Health,HG-M042,doc:BH-D007,mrn,HG-M042,5
401,BH-D007,Harbor Grove Behavioral Health,HG-M042,doc:BH-D007,doc_type,clinical_note,4
402,BH-D007,Harbor Grove Behavioral Health,HG-M042,doc:BH-D007,signed_by,"Mara Voss, LCSW",10
403,BH-D007,Harbor Grove Behavioral Health,HG-M042,doc:BH-D007,signed_at,2026-01-09 16:24,10
404,BH-D007,Harbor Grove Behavioral Health,HG-M042,HG-E104,encounter,HG-E104,6
405,BH-D007,Harbor Grove Behavioral Health,HG-M042,HG-E104,service_date,2026-01-09,6
406,BH-D007,Harbor Grove Behavioral Health,HG-M042,HG-E104,scheduled_start,14:00,6
407,BH-D007,Harbor Grove Behavioral Health,HG-M042,HG-E104,scheduled_end,14:45,6
408,BH-D007,Harbor Grove Behavioral Health,HG-M042,HG-E104,service_type,family,4
409,BH-D007,Harbor Grove Behavioral Health,HG-M042,HG-E104,status,attended,6
410,BH-D007,Harbor Grove Behavioral Health,HG-M042,HG-E104,modality,in_person,6
411,BH-D007,Harbor Grove Behavioral Health,HG-M042,HG-E104,contact_interval,14:00–14:45,6
412,BH-D007,Harbor Grove Behavioral Health,HG-M042,HG-E104,patient_present_interval,14:00–14:45,9
413,BH-D007,Harbor Grove Behavioral Health,HG-M042,HG-E104,summary,"Family psychotherapy session with Rowan Mercer and partner Casey Mercer, focused on patterns of support at home as Rowan works to rebuild a routine. The pair mapped a recent interaction, practiced specific help requests and reflective responses, and agreed on a planned check-in about work preparation.",12
414,BH-D007,Harbor Grove Behavioral Health,HG-M042,HG-E104,extra:clinician,"Mara Voss, LCSW; cofacilitator Leena Park, LPC",8
415,BH-D007,Harbor Grove Behavioral Health,HG-M042,doc:BH-D007,extra:synthetic_training_record,Entirely fictional patient and organization,2
416,BH-D007,Harbor Grove Behavioral Health,HG-M042,HG-E104,extra:patient_dob,1991-04-12,5
417,BH-D007,Harbor Grove Behavioral Health,HG-M042,HG-E104,extra:present,Rowan Mercer and partner Casey Mercer,7
418,BH-D001,Harbor Grove Behavioral Health,HG-M042,doc:BH-D001,doc_id,BH-D001,1
419,BH-D001,Harbor Grove Behavioral Health,HG-M042,doc:BH-D001,clinic,Harbor Grove Behavioral Health,4
420,BH-D001,Harbor Grove Behavioral Health,HG-M042,doc:BH-D001,patient_name,Rowan Mercer,6
421,BH-D001,Harbor Grove Behavioral Health,HG-M042,doc:BH-D001,mrn,HG-M042,6
422,BH-D001,Harbor Grove Behavioral Health,HG-M042,doc:BH-D001,doc_type,admin,10
423,BH-D001,Harbor Grove Behavioral Health,HG-M042,doc:BH-D001,extra:authorization_id,HG-A260104-88,7
424,BH-D001,Harbor Grove Behavioral Health,HG-M042,doc:BH-D001,extra:authorization_period,2026-01-05 through 2026-01-30,10
425,BH-D001,Harbor Grove Behavioral Health,HG-M042,doc:BH-D001,extra:authorized_group_sessions,8,10
426,BH-D001,Harbor Grove Behavioral Health,HG-M042,doc:BH-D001,extra:patient_date_of_birth,1991-04-12,6
427,BH-D001,Harbor Grove Behavioral Health,HG-M042,doc:BH-D001,extra:letter_received,2026-01-04 15:26 local,5
428,BH-D001,Harbor Grove Behavioral Health,HG-M042,doc:BH-D001,extra:authorization_scope,"Authorizes group therapy only; does not authorize individual, family, or medication appointments",10
429,BH-D016,Harbor Grove Behavioral Health,HG-M042,doc:BH-D016,doc_id,BH-D016,1
430,BH-D016,Harbor Grove Behavioral Health,HG-M042,doc:BH-D016,clinic,Harbor Grove Behavioral Health,4
431,BH-D016,Harbor Grove Behavioral Health,HG-M042,doc:BH-D016,patient_name,Rowan Mercer,5
432,BH-D016,Harbor Grove Behavioral Health,HG-M042,doc:BH-D016,mrn,HG-M042,5
433,BH-D016,Harbor Grove Behavioral Health,HG-M042,doc:BH-D016,doc_type,admin,4
434,BH-D016,Harbor Grove Behavioral Health,HG-M042,HG-E108,encounter,HG-E108,6
435,BH-D016,Harbor Grove Behavioral Health,HG-M042,HG-E108,service_type,group,9
436,BH-D016,Harbor Grove Behavioral Health,HG-M042,HG-E108,service_date,2026-01-15,9
437,BH-D016,Harbor Grove Behavioral Health,HG-M042,HG-E108,scheduled_start,10:00,9
438,BH-D016,Harbor Grove Behavioral Health,HG-M042,HG-E108,scheduled_end,11:30,9
439,BH-D016,Harbor Grove Behavioral Health,HG-M042,HG-E108,status,clinic_cancelled,9
440,BH-D016,Harbor Grove Behavioral Health,HG-M042,HG-E108,summary,Coping skills group scheduled for January 15 was cancelled by the clinic due to staff illness; no group was held and no participants were seen. No replacement group was conducted in the slot.,9
441,BH-D016,Harbor Grove Behavioral Health,HG-M042,doc:BH-D016,extra:patient_date_of_birth,1991-04-12,5
442,BH-D016,Harbor Grove Behavioral Health,HG-M042,doc:BH-D016,extra:notice_entered,2026-01-15 08:12,7
443,BH-D016,Harbor Grove Behavioral Health,HG-M042,HG-E108,extra:portal_notice,Delivered 08:15 stating the office initiated the cancellation and participant should not attend,11
444,BH-D016,Harbor Grove Behavioral Health,HG-M042,doc:BH-D016,extra:patient_call,08:37 call; rescheduling of remaining appointments not requested; family-related appointment on 2026-01-16 remains scheduled,13
445,BH-D004,Harbor Grove Behavioral Health,HG-M042,doc:BH-D004,doc_id,BH-D004,1
446,BH-D004,Harbor Grove Behavioral Health,HG-M042,doc:BH-D004,clinic,Harbor Grove Behavioral Health,4
447,BH-D004,Harbor Grove Behavioral Health,HG-M042,doc:BH-D004,patient_name,Rowan Mercer,6
448,BH-D004,Harbor Grove Behavioral Health,HG-M042,doc:BH-D004,mrn,HG-M042,6
449,BH-D004,Harbor Grove Behavioral Health,HG-M042,doc:BH-D004,doc_type,clinical_note,4
450,BH-D004,Harbor Grove Behavioral Health,HG-M042,doc:BH-D004,signed_by,"Leena Park, LPC",8
451,BH-D004,Harbor Grove Behavioral Health,HG-M042,doc:BH-D004,signed_at,2026-01-06 12:02,8
452,BH-D004,Harbor Grove Behavioral Health,HG-M042,HG-E102,encounter,HG-E102,6
453,BH-D004,Harbor Grove Behavioral Health,HG-M042,HG-E102,service_date,2026-01-06,5
454,BH-D004,Harbor Grove Behavioral Health,HG-M042,HG-E102,service_type,group,5
455,BH-D004,Harbor Grove Behavioral Health,HG-M042,HG-E102,scheduled_start,10:00,5
456,BH-D004,Harbor Grove Behavioral Health,HG-M042,HG-E102,scheduled_end,11:30,5
457,BH-D004,Harbor Grove Behavioral Health,HG-M042,HG-E102,status,attended,14
458,BH-D004,Harbor Grove Behavioral Health,HG-M042,HG-E102,contact_interval,10:00–10:45,12
459,BH-D004,Harbor Grove Behavioral Health,HG-M042,HG-E102,contact_interval,11:00–11:30,12
460,BH-D004,Harbor Grove Behavioral Health,HG-M042,HG-E102,nontherapeutic_interval,10:45–11:00,12
461,BH-D004,Harbor Grove Behavioral Health,HG-M042,HG-E102,summary,"Coping skills group focused on recognizing early physical signs of anxiety and choosing a coping response before withdrawing from a task. Rowan Mercer participated, identified an avoidance situation involving a delayed work message, practiced paced breathing, and selected reading the message before responding as a possible next step.",10
462,BH-D004,Harbor Grove Behavioral Health,HG-M042,HG-E102,extra:facilitator,"Leena Park, LPC",7
463,BH-D004,Harbor Grove Behavioral Health,HG-M042,doc:BH-D004,extra:record_note,Synthetic training record; entirely fictional patient and organization.,2
464,BH-D009,Harbor Grove Behavioral Health,HG-M042,doc:BH-D009,doc_id,BH-D009,1
465,BH-D009,Harbor Grove Behavioral Health,HG-M042,doc:BH-D009,clinic,Harbor Grove Behavioral Health,4
466,BH-D009,Harbor Grove Behavioral Health,HG-M042,doc:BH-D009,patient_name,Rowan Mercer,5
467,BH-D009,Harbor Grove Behavioral Health,HG-M042,doc:BH-D009,mrn,HG-M042,5
468,BH-D009,Harbor Grove Behavioral Health,HG-M042,doc:BH-D009,doc_type,clinical_note,4
469,BH-D009,Harbor Grove Behavioral Health,HG-M042,doc:BH-D009,signed_by,"Leena Park, LPC",7
470,BH-D009,Harbor Grove Behavioral Health,HG-M042,doc:BH-D009,signed_at,2026-01-12 12:20,8
471,BH-D009,Harbor Grove Behavioral Health,HG-M042,HG-E105,encounter,HG-E105,5
472,BH-D009,Harbor Grove Behavioral Health,HG-M042,HG-E105,service_date,2026-01-12,6
473,BH-D009,Harbor Grove Behavioral Health,HG-M042,HG-E105,service_type,group,6
474,BH-D009,Harbor Grove Behavioral Health,HG-M042,HG-E105,scheduled_start,10:00,6
475,BH-D009,Harbor Grove Behavioral Health,HG-M042,HG-E105,scheduled_end,11:30,6
476,BH-D009,Harbor Grove Behavioral Health,HG-M042,HG-E105,status,attended,14
477,BH-D009,Harbor Grove Behavioral Health,HG-M042,HG-E105,summary,"Group coping skills session on behavioral activation, activity ladders, obstacle anticipation, and rehearsing responses to missed attempts. Patient participated actively, identifying avoidance patterns and planning a concrete next action.",10
478,BH-D009,Harbor Grove Behavioral Health,HG-M042,HG-E105,nontherapeutic_interval,10:40–10:55,12
479,BH-D009,Harbor Grove Behavioral Health,HG-M042,HG-E105,contact_interval,10:00–11:30,6
480,BH-D009,Harbor Grove Behavioral Health,HG-M042,doc:BH-D009,extra:facilitator,"Leena Park, LPC",7
481,BH-D009,Harbor Grove Behavioral Health,HG-M042,doc:BH-D009,extra:dob,1991-04-12,5
482,BH-D014,Harbor Grove Behavioral Health,HG-M042,doc:BH-D014,doc_id,BH-D014,1
483,BH-D014,Harbor Grove Behavioral Health,HG-M042,doc:BH-D014,clinic,Harbor Grove Behavioral Health,4
484,BH-D014,Harbor Grove Behavioral Health,HG-M042,doc:BH-D014,patient_name,Rowan Mercer,5
485,BH-D014,Harbor Grove Behavioral Health,HG-M042,doc:BH-D014,mrn,HG-M042,5
486,BH-D014,Harbor Grove Behavioral Health,HG-M042,doc:BH-D014,doc_type,admin,4
487,BH-D014,Harbor Grove Behavioral Health,HG-M042,measure:BH-D014:0,score_name,PHQ-9,13
488,BH-D014,Harbor Grove Behavioral Health,HG-M042,measure:BH-D014:0,score_value,14,13
489,BH-D014,Harbor Grove Behavioral Health,HG-M042,measure:BH-D014:0,completed_on,2026-01-16,13
490,BH-D014,Harbor Grove Behavioral Health,HG-M042,measure:BH-D014:0,source_form,HG-Q116,13
491,BH-D014,Harbor Grove Behavioral Health,HG-M042,measure:BH-D014:0,copy_of,HG-Q116,17
492,BH-D014,Harbor Grove Behavioral Health,HG-M042,doc:BH-D014,extra:import_received,"2026-01-26 07:44 local, batch HG-MEAS-0126, imported by N. Ellis",6
493,BH-D014,Harbor Grove Behavioral Health,HG-M042,doc:BH-D014,extra:synthetic_record_notice,Synthetic training record; entirely fictional patient and organization,2
494,BH-D011,Harbor Grove Behavioral Health,HG-M042,doc:BH-D011,doc_id,BH-D011,1
495,BH-D011,Harbor Grove Behavioral Health,HG-M042,doc:BH-D011,clinic,Harbor Grove Behavioral Health,4
496,BH-D011,Harbor Grove Behavioral Health,HG-M042,doc:BH-D011,patient_name,Rowan Mercer,5
497,BH-D011,Harbor Grove Behavioral Health,HG-M042,doc:BH-D011,mrn,HG-M042,5
498,BH-D011,Harbor Grove Behavioral Health,HG-M042,doc:BH-D011,doc_type,clinical_note,4
499,BH-D011,Harbor Grove Behavioral Health,HG-M042,doc:BH-D011,signed_by,"Mara Voss, LCSW",8
500,BH-D011,Harbor Grove Behavioral Health,HG-M042,doc:BH-D011,signed_at,2026-01-14 13:16,9
501,BH-D011,Harbor Grove Behavioral Health,HG-M042,HG-E107,encounter,HG-E107,6
502,BH-D011,Harbor Grove Behavioral Health,HG-M042,HG-E107,service_date,2026-01-14,6
503,BH-D011,Harbor Grove Behavioral Health,HG-M042,HG-E107,service_type,individual,7
504,BH-D011,Harbor Grove Behavioral Health,HG-M042,HG-E107,status,attended,7
505,BH-D011,Harbor Grove Behavioral Health,HG-M042,HG-E107,scheduled_start,11:00,7
506,BH-D011,Harbor Grove Behavioral Health,HG-M042,HG-E107,scheduled_end,11:45,7
507,BH-D011,Harbor Grove Behavioral Health,HG-M042,HG-E107,patient_present,true,7
508,BH-D011,Harbor Grove Behavioral Health,HG-M042,HG-E107,contact_interval,11:00–11:45,7
509,BH-D011,Harbor Grove Behavioral Health,HG-M042,HG-E107,summary,"Individual psychotherapy session focused on identifying the prediction behind a delayed work-message reply and separating a brief acknowledgment from a commitment to a specific work schedule. The clinician and patient drafted and rehearsed a short response; patient reported completing several small activities, ongoing interrupted sleep, and effort with morning routines. Plan: attempt the drafted acknowledgment, continue morning activity tracking, and practice a breathing skill before avoided tasks.",11
510,BH-D011,Harbor Grove Behavioral Health,HG-M042,doc:BH-D011,extra:note_disclaimer,Synthetic training record; entirely fictional patient and organization.,2
511,BH-D011,Harbor Grove Behavioral Health,HG-M042,HG-E107,extra:modality,in_person not stated,7
512,BH-D002,Harbor Grove Behavioral Health,HG-M042,doc:BH-D002,doc_id,BH-D002,1
513,BH-D002,Harbor Grove Behavioral Health,HG-M042,doc:BH-D002,clinic,Harbor Grove Behavioral Health,4
514,BH-D002,Harbor Grove Behavioral Health,HG-M042,doc:BH-D002,patient_name,Rowan Mercer,5
515,BH-D002,Harbor Grove Behavioral Health,HG-M042,doc:BH-D002,mrn,HG-M042,5
516,BH-D002,Harbor Grove Behavioral Health,HG-M042,doc:BH-D002,doc_type,clinical_note,4
517,BH-D002,Harbor Grove Behavioral Health,HG-M042,doc:BH-D002,signed_by,"Mara Voss, LCSW",7
518,BH-D002,Harbor Grove Behavioral Health,HG-M042,doc:BH-D002,signed_at,2026-01-05 12:18,9
519,BH-D002,Harbor Grove Behavioral Health,HG-M042,HG-E101,encounter,HG-E101,6
520,BH-D002,Harbor Grove Behavioral Health,HG-M042,HG-E101,service_date,2026-01-05,6
521,BH-D002,Harbor Grove Behavioral Health,HG-M042,HG-E101,service_type,individual,8
522,BH-D002,Harbor Grove Behavioral Health,HG-M042,HG-E101,status,attended,8
523,BH-D002,Harbor Grove Behavioral Health,HG-M042,HG-E101,scheduled_start,09:00,8
524,BH-D002,Harbor Grove Behavioral Health,HG-M042,HG-E101,scheduled_end,09:50,8
525,BH-D002,Harbor Grove Behavioral Health,HG-M042,HG-E101,patient_present,true,8
526,BH-D002,Harbor Grove Behavioral Health,HG-M042,HG-E101,contact_interval,09:00–09:50,8
527,BH-D002,Harbor Grove Behavioral Health,HG-M042,HG-E101,summary,"Rowan Mercer attended an individual session for several weeks of low mood, reduced interest, fragmented sleep, and work-return worry with avoidance. Behavioral activation and a short work-task step were introduced; no immediate safety concern was identified. PHQ-9 total was 18.",11
528,BH-D002,Harbor Grove Behavioral Health,HG-M042,measure:BH-D002:0,score_name,PHQ-9,15
529,BH-D002,Harbor Grove Behavioral Health,HG-M042,measure:BH-D002:0,score_value,18,15
530,BH-D002,Harbor Grove Behavioral Health,HG-M042,measure:BH-D002:0,completed_on,2026-01-05,15
531,BH-D002,Harbor Grove Behavioral Health,HG-M042,HG-E101,extra:modality,in_person,13
532,BH-D002,Harbor Grove Behavioral Health,HG-M042,doc:BH-D002,extra:episode_dates,2026-01-05 through 2026-01-30,11
533,BH-D002,Harbor Grove Behavioral Health,HG-M042,doc:BH-D002,extra:planned_family_visit,Rowan consented to a family visit with partner focused on practical support,19
534,BH-D002,Harbor Grove Behavioral Health,HG-M042,doc:BH-D002,extra:clinician_impression,depressive symptoms with anxiety and behavioral avoidance,15
535,BH-D010,Harbor Grove Behavioral Health,HG-M042,doc:BH-D010,doc_id,BH-D010,1
536,BH-D010,Harbor Grove Behavioral Health,HG-M042,doc:BH-D010,clinic,Harbor Grove Behavioral Health,4
537,BH-D010,Harbor Grove Behavioral Health,HG-M042,doc:BH-D010,patient_name,Rowan Mercer,5
538,BH-D010,Harbor Grove Behavioral Health,HG-M042,doc:BH-D010,mrn,HG-M042,5
539,BH-D010,Harbor Grove Behavioral Health,HG-M042,doc:BH-D010,doc_type,clinical_note,4
540,BH-D010,Harbor Grove Behavioral Health,HG-M042,doc:BH-D010,signed_by,"Elias Brenner, NP",8
541,BH-D010,Harbor Grove Behavioral Health,HG-M042,doc:BH-D010,signed_at,2026-01-13 10:04,9
542,BH-D010,Harbor Grove Behavioral Health,HG-M042,HG-E106,encounter,HG-E106,6
543,BH-D010,Harbor Grove Behavioral Health,HG-M042,HG-E106,service_date,2026-01-13,6
544,BH-D010,Harbor Grove Behavioral Health,HG-M042,HG-E106,service_type,medication,11
545,BH-D010,Harbor Grove Behavioral Health,HG-M042,HG-E106,status,attended,7
546,BH-D010,Harbor Grove Behavioral Health,HG-M042,HG-E106,scheduled_start,09:00,7
547,BH-D010,Harbor Grove Behavioral Health,HG-M042,HG-E106,scheduled_end,09:25,7
548,BH-D010,Harbor Grove Behavioral Health,HG-M042,HG-E106,contact_interval,09:00–09:25,7
549,BH-D010,Harbor Grove Behavioral Health,HG-M042,HG-E106,summary,"Medication management visit for ongoing depressive and anxiety symptoms with sleep disruption. Rowan reported continuing sleep interruption, daytime tiredness, and work communication concerns; the medication list was reviewed and reconciled, and adherence and monitoring were discussed. No urgent medication concern was raised; no separate psychotherapy was provided.",11
550,BH-D010,Harbor Grove Behavioral Health,HG-M042,doc:BH-D010,extra:training_record_notice,Synthetic training record; entirely fictional patient and organization,2
551,BH-D015,Harbor Grove Behavioral Health,HG-M042,doc:BH-D015,doc_id,BH-D015,1
552,BH-D015,Harbor Grove Behavioral Health,HG-M042,doc:BH-D015,clinic,Harbor Grove Behavioral Health,4
553,BH-D015,Harbor Grove Behavioral Health,HG-M042,doc:BH-D015,patient_name,Rowan Mercer,5
554,BH-D015,Harbor Grove Behavioral Health,HG-M042,doc:BH-D015,mrn,HG-M042,5
555,BH-D015,Harbor Grove Behavioral Health,HG-M042,doc:BH-D015,doc_type,admin,4
556,BH-D015,Harbor Grove Behavioral Health,HG-M042,HG-E103,encounter,HG-E103,6
557,BH-D015,Harbor Grove Behavioral Health,HG-M042,HG-E103,service_date,2026-01-08,6
558,BH-D015,Harbor Grove Behavioral Health,HG-M042,HG-E103,service_type,individual,6
559,BH-D015,Harbor Grove Behavioral Health,HG-M042,HG-E103,scheduled_start,11:00,6
560,BH-D015,Harbor Grove Behavioral Health,HG-M042,HG-E103,scheduled_end,11:45,6
561,BH-D015,Harbor Grove Behavioral Health,HG-M042,HG-E103,status,no_show,11
562,BH-D015,Harbor Grove Behavioral Health,HG-M042,HG-E103,summary,Patient did not check in for scheduled individual visit and was not seen; no arrival call or cancellation was received. Later callback addressed scheduling and contact information only; no therapy was conducted.,9
563,BH-D015,Harbor Grove Behavioral Health,HG-M042,HG-E103,extra:callback,"Patient returned staff call at 15:36 on 2026-01-08, said the morning got away after poor sleep, and confirmed intent to attend next day's family visit with Casey; requested appointment list via portal.",15
564,BH-D012,Harbor Grove Behavioral Health,HG-M042,doc:BH-D012,doc_id,BH-D012,1
565,BH-D012,Harbor Grove Behavioral Health,HG-M042,doc:BH-D012,clinic,Harbor Grove Behavioral Health,4
566,BH-D012,Harbor Grove Behavioral Health,HG-M042,doc:BH-D012,patient_name,Rowan Mercer,5
567,BH-D012,Harbor Grove Behavioral Health,HG-M042,doc:BH-D012,mrn,HG-M042,5
568,BH-D012,Harbor Grove Behavioral Health,HG-M042,doc:BH-D012,doc_type,clinical_note,4
569,BH-D012,Harbor Grove Behavioral Health,HG-M042,doc:BH-D012,signed_by,"Mara Voss, LCSW",7
570,BH-D012,Harbor Grove Behavioral Health,HG-M042,doc:BH-D012,signed_at,2026-01-16 16:08,9
571,BH-D012,Harbor Grove Behavioral Health,HG-M042,HG-E109,encounter,HG-E109,6
572,BH-D012,Harbor Grove Behavioral Health,HG-M042,HG-E109,service_date,2026-01-16,6
573,BH-D012,Harbor Grove Behavioral Health,HG-M042,HG-E109,service_type,collateral,8
574,BH-D012,Harbor Grove Behavioral Health,HG-M042,HG-E109,scheduled_start,14:00,6
575,BH-D012,Harbor Grove Behavioral Health,HG-M042,HG-E109,scheduled_end,14:40,6
576,BH-D012,Harbor Grove Behavioral Health,HG-M042,HG-E109,status,attended,8
577,BH-D012,Harbor Grove Behavioral Health,HG-M042,HG-E109,patient_present,false,17
578,BH-D012,Harbor Grove Behavioral Health,HG-M042,HG-E109,summary,"Family collateral contact with partner Casey Mercer only, after the patient advised they could not participate. Casey reported home observations and strategies to support the treatment plan; no patient-present psychotherapy occurred.",11
579,BH-D012,Harbor Grove Behavioral Health,HG-M042,doc:BH-D012,extra:patient_dob,1991-04-12,5
580,BH-D012,Harbor Grove Behavioral Health,HG-M042,HG-E109,extra:contact_participant,"Casey Mercer, partner; patient absent for entire contact",8
581,BH-D012,Harbor Grove Behavioral Health,HG-M042,HG-E109,extra:consent,Existing consent for partner involvement confirmed in chart,11
582,BH-D003,Harbor Grove Behavioral Health,HG-M042,doc:BH-D003,doc_id,BH-D003,4
583,BH-D003,Harbor Grove Behavioral Health,HG-M042,doc:BH-D003,clinic,Harbor Grove Behavioral Health,4
584,BH-D003,Harbor Grove Behavioral Health,HG-M042,doc:BH-D003,patient_name,Rowan Mercer,5
585,BH-D003,Harbor Grove Behavioral Health,HG-M042,doc:BH-D003,mrn,HG-M042,5
586,BH-D003,Harbor Grove Behavioral Health,HG-M042,doc:BH-D003,doc_type,treatment_plan,4
587,BH-D003,Harbor Grove Behavioral Health,HG-M042,doc:BH-D003,signed_by,"Mara Voss, LCSW",7
588,BH-D003,Harbor Grove Behavioral Health,HG-M042,doc:BH-D003,signed_at,2026-01-05 13:05,7
589,BH-D003,Harbor Grove Behavioral Health,HG-M042,plan:BH-D003,effective_from,2026-01-05,6
590,BH-D003,Harbor Grove Behavioral Health,HG-M042,plan:BH-D003,effective_to,2026-01-30,6
591,BH-D003,Harbor Grove Behavioral Health,HG-M042,plan:BH-D003,min_days_per_week,3,12
592,BH-D003,Harbor Grove Behavioral Health,HG-M042,plan:BH-D003,min_minutes_per_week,150,12
593,BH-D003,Harbor Grove Behavioral Health,HG-M042,plan:BH-D003,counting_type,individual,12
594,BH-D003,Harbor Grove Behavioral Health,HG-M042,plan:BH-D003,counting_type,group,12
595,BH-D003,Harbor Grove Behavioral Health,HG-M042,plan:BH-D003,counting_type,family,12
596,BH-D003,Harbor Grove Behavioral Health,HG-M042,plan:BH-D003,excluded_type,medication,12
597,BH-D003,Harbor Grove Behavioral Health,HG-M042,plan:BH-D003,excluded_type,collateral,12
598,BH-D003,Harbor Grove Behavioral Health,HG-M042,plan:BH-D003,excluded_type,coordination,12
599,BH-D003,Harbor Grove Behavioral Health,HG-M042,plan:BH-D003,goal,improve daily activity and task initiation,14
600,BH-D003,Harbor Grove Behavioral Health,HG-M042,plan:BH-D003,goal,improve coping with anxiety and disrupted sleep,16
601,BH-D003,Harbor Grove Behavioral Health,HG-M042,plan:BH-D003,goal,support a workable return to employment,18
602,BH-D003,Harbor Grove Behavioral Health,HG-M042,doc:BH-D003,extra:training_record_notice,Synthetic training record; entirely fictional patient and organization,2
603,BH-D003,Harbor Grove Behavioral Health,HG-M042,doc:BH-D003,extra:date_of_birth,1991-04-12,5
604,BH-D003,Harbor Grove Behavioral Health,HG-M042,doc:BH-D003,extra:patient_agreement_recorded,2026-01-05 13:12,8
605,BH-D013,Harbor Grove Behavioral Health,HG-M042,doc:BH-D013,doc_id,BH-D013,1
606,BH-D013,Harbor Grove Behavioral Health,HG-M042,doc:BH-D013,clinic,Harbor Grove Behavioral Health,4
607,BH-D013,Harbor Grove Behavioral Health,HG-M042,doc:BH-D013,patient_name,Rowan Mercer,5
608,BH-D013,Harbor Grove Behavioral Health,HG-M042,doc:BH-D013,mrn,HG-M042,5
609,BH-D013,Harbor Grove Behavioral Health,HG-M042,doc:BH-D013,doc_type,measure,4
610,BH-D013,Harbor Grove Behavioral Health,HG-M042,doc:BH-D013,signed_by,"Mara Voss, LCSW",9
611,BH-D013,Harbor Grove Behavioral Health,HG-M042,doc:BH-D013,signed_at,2026-01-16 09:10,9
612,BH-D013,Harbor Grove Behavioral Health,HG-M042,measure:BH-D013:0,score_name,PHQ-9,6
613,BH-D013,Harbor Grove Behavioral Health,HG-M042,measure:BH-D013:0,score_value,14,8
614,BH-D013,Harbor Grove Behavioral Health,HG-M042,measure:BH-D013:0,completed_on,2026-01-16,7
615,BH-D013,Harbor Grove Behavioral Health,HG-M042,measure:BH-D013:0,source_form,HG-Q116,6
616,BH-D013,Harbor Grove Behavioral Health,HG-M042,doc:BH-D013,extra:intake_phq_score,18 recorded January 5,11
617,BH-D013,Harbor Grove Behavioral Health,HG-M042,doc:BH-D013,extra:patient_update,Getting out of the apartment had become a little easier; thinking about work continued to make them want to put things off; sleep described as inconsistent,11
618,BH-D013,Harbor Grove Behavioral Health,HG-M042,doc:BH-D013,extra:clinician_review,"Some improvement in depressive symptoms; persistent avoidance, difficulty initiating work communication, and sleep disruption remain clinically relevant; no reliable routine yet; continue current therapeutic focus and review functioning next direct appointment",13
619,BH-D013,Harbor Grove Behavioral Health,HG-M042,doc:BH-D013,extra:review_note,Portal submission reviewed; no clinical appointment occurred at time of review,15
