clinic,patient,subject,field,value,basis,claim_rows,status
Harbor Grove Behavioral Health,HG-M042,HG-E101,extra:modality,in_person,"stated by BH-D002; informational, not used in calculations",[531],resolved
Harbor Grove Behavioral Health,HG-M042,HG-E102,extra:departure_note,Patient left early for a previously arranged ride; did not re-enter group room after departing,"stated by BH-D005; informational, not used in calculations",[378],resolved
Harbor Grove Behavioral Health,HG-M042,HG-E102,extra:facilitator,"Leena Park, LPC","stated by BH-D004; informational, not used in calculations",[462],resolved
Harbor Grove Behavioral Health,HG-M042,HG-E103,extra:callback,"Patient returned staff call at 15:36 on 2026-01-08, said the morning got away after poor sleep, and confirmed intent to attend next day's family visit with Casey; requested appointment list via portal.","stated by BH-D015; informational, not used in calculations",[563],resolved
Harbor Grove Behavioral Health,HG-M042,HG-E103,extra:desk_comment,HG-E103 remained unarrived at close of its appointment slot; outreach assigned to individual therapist's support queue.,"stated by BH-D006; informational, not used in calculations",[351],resolved
Harbor Grove Behavioral Health,HG-M042,HG-E104,extra:clinician,"Mara Voss, LCSW; cofacilitator Leena Park, LPC","stated by BH-D007; informational, not used in calculations",[414],resolved
Harbor Grove Behavioral Health,HG-M042,HG-E104,extra:participants,Rowan Mercer and Casey Mercer; both present for the full 45 minutes,"stated by BH-D008; informational, not used in calculations",[395],resolved
Harbor Grove Behavioral Health,HG-M042,HG-E104,extra:patient_dob,1991-04-12,"stated by BH-D007; informational, not used in calculations",[416],resolved
Harbor Grove Behavioral Health,HG-M042,HG-E104,extra:present,Rowan Mercer and partner Casey Mercer,"stated by BH-D007; informational, not used in calculations",[417],resolved
Harbor Grove Behavioral Health,HG-M042,HG-E107,extra:modality,in_person not stated,"stated by BH-D011; informational, not used in calculations",[511],resolved
Harbor Grove Behavioral Health,HG-M042,HG-E108,extra:desk_comment,HG-E108 removed from active room schedule after staff illness; cancellation message released to all registered members.,"stated by BH-D006; informational, not used in calculations",[352],resolved
Harbor Grove Behavioral Health,HG-M042,HG-E108,extra:portal_notice,Delivered 08:15 stating the office initiated the cancellation and participant should not attend,"stated by BH-D016; informational, not used in calculations",[443],resolved
Harbor Grove Behavioral Health,HG-M042,HG-E109,extra:consent,Existing consent for partner involvement confirmed in chart,"stated by BH-D012; informational, not used in calculations",[581],resolved
Harbor Grove Behavioral Health,HG-M042,HG-E109,extra:contact_participant,"Casey Mercer, partner; patient absent for entire contact","stated by BH-D012; informational, not used in calculations",[580],resolved
Harbor Grove Behavioral Health,HG-M042,HG-E109,extra:desk_comment,Retained as partner collateral contact after patient could not attend.,"stated by BH-D006; informational, not used in calculations",[353],resolved
Harbor Grove Behavioral Health,HG-M042,HG-E110,extra:correction_reason,Original roster retained scheduled group closing time in departure field; room-transfer record shows departure at 11:15,"stated by BH-D103; informational, not used in calculations",[50],resolved
Harbor Grove Behavioral Health,HG-M042,HG-E110,extra:location,Outpatient skills room B,"stated by BH-D102; informational, not used in calculations",[34],resolved
Harbor Grove Behavioral Health,HG-M042,HG-E110,extra:note,Patient-specific arrival and departure are maintained on the attendance roster and are not stated in this note.,"stated by BH-D101; informational, not used in calculations",[17],resolved
Harbor Grove Behavioral Health,HG-M042,HG-E110,unmapped:location,None,"stated by BH-D102; informational, not used in calculations",[33],resolved
Harbor Grove Behavioral Health,HG-M042,HG-E111,extra:duration_completed,30 minutes,"stated by BH-D105; informational, not used in calculations",[87],resolved
Harbor Grove Behavioral Health,HG-M042,HG-E112,extra:appointment_id,HG-A112,"stated by BH-D106; informational, not used in calculations",[106],resolved
Harbor Grove Behavioral Health,HG-M042,HG-E112,extra:connection_loss,Connection lost 13:20–13:30; no therapeutic contact; reconnected under HG-A112,"stated by BH-D106; informational, not used in calculations",[108],resolved
Harbor Grove Behavioral Health,HG-M042,HG-E112,extra:total_patient_psychotherapy_contact,45 minutes,"stated by BH-D106; informational, not used in calculations",[107],resolved
Harbor Grove Behavioral Health,HG-M042,HG-E113,extra:patient_arrival,Patient joined after the discussion had begun; exact arrival time is in the attendance register.,"stated by BH-D107; informational, not used in calculations",[131],resolved
Harbor Grove Behavioral Health,HG-M042,HG-E115,extra:appointment_id,HG-A115,"stated by BH-D110, BH-D111; informational, not used in calculations","[203, 222]",resolved
Harbor Grove Behavioral Health,HG-M042,HG-E115,extra:clinicians,"Mira Patel, LCSW; Nora Ellis, LCSW","stated by BH-D110; informational, not used in calculations",[204],resolved
Harbor Grove Behavioral Health,HG-M042,HG-E115,extra:participating_clinician,"Mira Patel, LCSW","stated by BH-D111; informational, not used in calculations",[223],resolved
Harbor Grove Behavioral Health,HG-M042,HG-E116,extra:charge_description,"Group psychotherapy, quantity 1 group session","stated by BH-D112; informational, not used in calculations",[240],resolved
Harbor Grove Behavioral Health,HG-M042,HG-E116,extra:charge_id,CH-116,"stated by BH-D112; informational, not used in calculations",[238],resolved
Harbor Grove Behavioral Health,HG-M042,HG-E116,extra:charge_status,Posted,"stated by BH-D112; informational, not used in calculations",[239],resolved
Harbor Grove Behavioral Health,HG-M042,HG-E116,extra:draft_attendance_text_not_verified,Template text states full attendance but is unsigned and system-generated; not a clinician attestation,"stated by BH-D112; informational, not used in calculations",[241],resolved
Harbor Grove Behavioral Health,HG-M042,HG-E116,extra:encounter_note,Outreach message left after group; no clinical discussion occurred,"stated by BH-D108; informational, not used in calculations",[172],resolved
Harbor Grove Behavioral Health,HG-M042,HG-E116,extra:posting_date,2026-01-27 18:06,"stated by BH-D112; informational, not used in calculations",[242],resolved
Harbor Grove Behavioral Health,HG-M042,HG-E117,extra:encounter_note,No replacement appointment booked within January 2026,"stated by BH-D108; informational, not used in calculations",[171],resolved
Harbor Grove Behavioral Health,HG-M042,HG-E119,extra:Partner present,Casey Mercer (partner) attended first; not a patient encounter participant for the 13:00–13:15 interval,"stated by BH-D113; informational, not used in calculations",[262],resolved
Harbor Grove Behavioral Health,HG-M042,HG-E120,extra:patient_dob,1991-04-12,"stated by BH-D114; informational, not used in calculations",[279],resolved
Harbor Grove Behavioral Health,HG-M042,HG-E120,extra:prescriber,"Elena Ortiz, PMHNP","stated by BH-D114; informational, not used in calculations",[278],resolved
Harbor Grove Behavioral Health,HG-M042,HG-E101,encounter,HG-E101,"stated by BH-D002, BH-D006","[297, 519]",resolved
Harbor Grove Behavioral Health,HG-M042,HG-E101,patient_present,true,stated by BH-D002,[525],resolved
Harbor Grove Behavioral Health,HG-M042,HG-E101,scheduled_end,09:50,"stated by BH-D002, BH-D006","[301, 524]",resolved
Harbor Grove Behavioral Health,HG-M042,HG-E101,scheduled_start,09:00,"stated by BH-D002, BH-D006","[300, 523]",resolved
Harbor Grove Behavioral Health,HG-M042,HG-E101,service_date,2026-01-05,"stated by BH-D002, BH-D006","[298, 520]",resolved
Harbor Grove Behavioral Health,HG-M042,HG-E101,service_type,individual,"stated by BH-D002, BH-D006","[299, 521]",resolved
Harbor Grove Behavioral Health,HG-M042,HG-E101,status,attended,"stated by BH-D002, BH-D006","[302, 522]",resolved
Harbor Grove Behavioral Health,HG-M042,HG-E101,summary:BH-D002,"Rowan Mercer attended an individual session for several weeks of low mood, reduced interest, fragmented sleep, and work-return worry with avoidance. Behavioral activation and a short work-task step were introduced; no immediate safety concern was identified. PHQ-9 total was 18.",stated by BH-D002,[527],resolved
Harbor Grove Behavioral Health,HG-M042,HG-E102,arrival,10:15,stated by BH-D005,[364],resolved
Harbor Grove Behavioral Health,HG-M042,HG-E102,departure,11:15,stated by BH-D005,[365],resolved
Harbor Grove Behavioral Health,HG-M042,HG-E102,encounter,HG-E102,"stated by BH-D004, BH-D005, BH-D006","[303, 359, 452]",resolved
Harbor Grove Behavioral Health,HG-M042,HG-E102,scheduled_end,11:30,"stated by BH-D004, BH-D005, BH-D006","[307, 363, 456]",resolved
Harbor Grove Behavioral Health,HG-M042,HG-E102,scheduled_start,10:00,"stated by BH-D004, BH-D005, BH-D006","[306, 362, 455]",resolved
Harbor Grove Behavioral Health,HG-M042,HG-E102,service_date,2026-01-06,"stated by BH-D004, BH-D005, BH-D006","[304, 360, 453]",resolved
Harbor Grove Behavioral Health,HG-M042,HG-E102,service_type,group,"stated by BH-D004, BH-D005, BH-D006","[305, 361, 454]",resolved
Harbor Grove Behavioral Health,HG-M042,HG-E102,status,attended,clinical_note BH-D004 outranks lower sources: BH-D006 (scheduling_export) said attended_partial; BH-D005 (attendance_register) said attended_partial,"[308, 366, 457]",resolved
Harbor Grove Behavioral Health,HG-M042,HG-E102,summary:BH-D004,"Coping skills group focused on recognizing early physical signs of anxiety and choosing a coping response before withdrawing from a task. Rowan Mercer participated, identified an avoidance situation involving a delayed work message, practiced paced breathing, and selected reading the message before responding as a possible next step.",stated by BH-D004,[461],resolved
Harbor Grove Behavioral Health,HG-M042,HG-E103,encounter,HG-E103,"stated by BH-D006, BH-D015","[309, 556]",resolved
Harbor Grove Behavioral Health,HG-M042,HG-E103,scheduled_end,11:45,"stated by BH-D006, BH-D015","[313, 560]",resolved
Harbor Grove Behavioral Health,HG-M042,HG-E103,scheduled_start,11:00,"stated by BH-D006, BH-D015","[312, 559]",resolved
Harbor Grove Behavioral Health,HG-M042,HG-E103,service_date,2026-01-08,"stated by BH-D006, BH-D015","[310, 557]",resolved
Harbor Grove Behavioral Health,HG-M042,HG-E103,service_type,individual,"stated by BH-D006, BH-D015","[311, 558]",resolved
Harbor Grove Behavioral Health,HG-M042,HG-E103,status,no_show,"stated by BH-D006, BH-D015","[314, 561]",resolved
Harbor Grove Behavioral Health,HG-M042,HG-E103,summary:BH-D015,Patient did not check in for scheduled individual visit and was not seen; no arrival call or cancellation was received. Later callback addressed scheduling and contact information only; no therapy was conducted.,stated by BH-D015,[562],resolved
Harbor Grove Behavioral Health,HG-M042,HG-E104,encounter,HG-E104,"stated by BH-D006, BH-D007, BH-D008","[315, 386, 404]",resolved
Harbor Grove Behavioral Health,HG-M042,HG-E104,modality,in_person,stated by BH-D007,[410],resolved
Harbor Grove Behavioral Health,HG-M042,HG-E104,scheduled_end,14:45,"stated by BH-D006, BH-D007, BH-D008","[319, 390, 407]",resolved
Harbor Grove Behavioral Health,HG-M042,HG-E104,scheduled_start,14:00,"stated by BH-D006, BH-D007, BH-D008","[318, 389, 406]",resolved
Harbor Grove Behavioral Health,HG-M042,HG-E104,service_date,2026-01-09,"stated by BH-D006, BH-D007, BH-D008","[316, 387, 405]",resolved
Harbor Grove Behavioral Health,HG-M042,HG-E104,service_type,family,"stated by BH-D006, BH-D007, BH-D008","[317, 388, 408]",resolved
Harbor Grove Behavioral Health,HG-M042,HG-E104,status,attended,"stated by BH-D006, BH-D007, BH-D008","[320, 391, 409]",resolved
Harbor Grove Behavioral Health,HG-M042,HG-E104,summary:BH-D008,"Family session with Rowan Mercer and Casey Mercer, facilitated by Leena Park, LPC, with Mara Voss, LCSW. Focus was on communication practice when slowing down an anxious exchange about the return-to-work process; both participants reflected each other's concerns and agreed on a brief predictable check-in and a shared evening walk.",stated by BH-D008,[394],resolved
Harbor Grove Behavioral Health,HG-M042,HG-E104,summary:BH-D007,"Family psychotherapy session with Rowan Mercer and partner Casey Mercer, focused on patterns of support at home as Rowan works to rebuild a routine. The pair mapped a recent interaction, practiced specific help requests and reflective responses, and agreed on a planned check-in about work preparation.",stated by BH-D007,[413],resolved
Harbor Grove Behavioral Health,HG-M042,HG-E105,arrival,10:00,stated by BH-D005,[373],resolved
Harbor Grove Behavioral Health,HG-M042,HG-E105,departure,11:30,stated by BH-D005,[374],resolved
Harbor Grove Behavioral Health,HG-M042,HG-E105,encounter,HG-E105,"stated by BH-D005, BH-D006, BH-D009","[321, 368, 471]",resolved
Harbor Grove Behavioral Health,HG-M042,HG-E105,scheduled_end,11:30,"stated by BH-D005, BH-D006, BH-D009","[325, 372, 475]",resolved
Harbor Grove Behavioral Health,HG-M042,HG-E105,scheduled_start,10:00,"stated by BH-D005, BH-D006, BH-D009","[324, 371, 474]",resolved
Harbor Grove Behavioral Health,HG-M042,HG-E105,service_date,2026-01-12,"stated by BH-D005, BH-D006, BH-D009","[322, 369, 472]",resolved
Harbor Grove Behavioral Health,HG-M042,HG-E105,service_type,group,"stated by BH-D005, BH-D006, BH-D009","[323, 370, 473]",resolved
Harbor Grove Behavioral Health,HG-M042,HG-E105,status,attended,"stated by BH-D005, BH-D006, BH-D009","[326, 375, 476]",resolved
Harbor Grove Behavioral Health,HG-M042,HG-E105,summary:BH-D009,"Group coping skills session on behavioral activation, activity ladders, obstacle anticipation, and rehearsing responses to missed attempts. Patient participated actively, identifying avoidance patterns and planning a concrete next action.",stated by BH-D009,[477],resolved
Harbor Grove Behavioral Health,HG-M042,HG-E106,encounter,HG-E106,"stated by BH-D006, BH-D010","[327, 542]",resolved
Harbor Grove Behavioral Health,HG-M042,HG-E106,scheduled_end,09:25,"stated by BH-D006, BH-D010","[331, 547]",resolved
Harbor Grove Behavioral Health,HG-M042,HG-E106,scheduled_start,09:00,"stated by BH-D006, BH-D010","[330, 546]",resolved
Harbor Grove Behavioral Health,HG-M042,HG-E106,service_date,2026-01-13,"stated by BH-D006, BH-D010","[328, 543]",resolved
Harbor Grove Behavioral Health,HG-M042,HG-E106,service_type,medication,"stated by BH-D006, BH-D010","[329, 544]",resolved
Harbor Grove Behavioral Health,HG-M042,HG-E106,status,attended,"stated by BH-D006, BH-D010","[332, 545]",resolved
Harbor Grove Behavioral Health,HG-M042,HG-E106,summary:BH-D010,"Medication management visit for ongoing depressive and anxiety symptoms with sleep disruption. Rowan reported continuing sleep interruption, daytime tiredness, and work communication concerns; the medication list was reviewed and reconciled, and adherence and monitoring were discussed. No urgent medication concern was raised; no separate psychotherapy was provided.",stated by BH-D010,[549],resolved
Harbor Grove Behavioral Health,HG-M042,HG-E107,encounter,HG-E107,"stated by BH-D006, BH-D011","[333, 501]",resolved
Harbor Grove Behavioral Health,HG-M042,HG-E107,patient_present,true,stated by BH-D011,[507],resolved
Harbor Grove Behavioral Health,HG-M042,HG-E107,scheduled_end,11:45,"stated by BH-D006, BH-D011","[337, 506]",resolved
Harbor Grove Behavioral Health,HG-M042,HG-E107,scheduled_start,11:00,"stated by BH-D006, BH-D011","[336, 505]",resolved
Harbor Grove Behavioral Health,HG-M042,HG-E107,service_date,2026-01-14,"stated by BH-D006, BH-D011","[334, 502]",resolved
Harbor Grove Behavioral Health,HG-M042,HG-E107,service_type,individual,"stated by BH-D006, BH-D011","[335, 503]",resolved
Harbor Grove Behavioral Health,HG-M042,HG-E107,status,attended,"stated by BH-D006, BH-D011","[338, 504]",resolved
Harbor Grove Behavioral Health,HG-M042,HG-E107,summary:BH-D011,"Individual psychotherapy session focused on identifying the prediction behind a delayed work-message reply and separating a brief acknowledgment from a commitment to a specific work schedule. The clinician and patient drafted and rehearsed a short response; patient reported completing several small activities, ongoing interrupted sleep, and effort with morning routines. Plan: attempt the drafted acknowledgment, continue morning activity tracking, and practice a breathing skill before avoided tasks.",stated by BH-D011,[509],resolved
Harbor Grove Behavioral Health,HG-M042,HG-E108,encounter,HG-E108,"stated by BH-D006, BH-D016","[339, 434]",resolved
Harbor Grove Behavioral Health,HG-M042,HG-E108,scheduled_end,11:30,"stated by BH-D006, BH-D016","[343, 438]",resolved
Harbor Grove Behavioral Health,HG-M042,HG-E108,scheduled_start,10:00,"stated by BH-D006, BH-D016","[342, 437]",resolved
Harbor Grove Behavioral Health,HG-M042,HG-E108,service_date,2026-01-15,"stated by BH-D006, BH-D016","[340, 436]",resolved
Harbor Grove Behavioral Health,HG-M042,HG-E108,service_type,group,"stated by BH-D006, BH-D016","[341, 435]",resolved
Harbor Grove Behavioral Health,HG-M042,HG-E108,status,clinic_cancelled,"stated by BH-D006, BH-D016","[344, 439]",resolved
Harbor Grove Behavioral Health,HG-M042,HG-E108,summary:BH-D016,Coping skills group scheduled for January 15 was cancelled by the clinic due to staff illness; no group was held and no participants were seen. No replacement group was conducted in the slot.,stated by BH-D016,[440],resolved
Harbor Grove Behavioral Health,HG-M042,HG-E109,encounter,HG-E109,"stated by BH-D006, BH-D012","[345, 571]",resolved
Harbor Grove Behavioral Health,HG-M042,HG-E109,patient_present,false,stated by BH-D012,[577],resolved
Harbor Grove Behavioral Health,HG-M042,HG-E109,scheduled_end,14:40,"stated by BH-D006, BH-D012","[349, 575]",resolved
Harbor Grove Behavioral Health,HG-M042,HG-E109,scheduled_start,14:00,"stated by BH-D006, BH-D012","[348, 574]",resolved
Harbor Grove Behavioral Health,HG-M042,HG-E109,service_date,2026-01-16,"stated by BH-D006, BH-D012","[346, 572]",resolved
Harbor Grove Behavioral Health,HG-M042,HG-E109,service_type,collateral,"stated by BH-D006, BH-D012","[347, 573]",resolved
Harbor Grove Behavioral Health,HG-M042,HG-E109,status,attended,"stated by BH-D006, BH-D012","[350, 576]",resolved
Harbor Grove Behavioral Health,HG-M042,HG-E109,summary:BH-D012,"Family collateral contact with partner Casey Mercer only, after the patient advised they could not participate. Casey reported home observations and strategies to support the treatment plan; no patient-present psychotherapy occurred.",stated by BH-D012,[578],resolved
Harbor Grove Behavioral Health,HG-M042,HG-E110,arrival,10:00,"stated by BH-D102, BH-D103, BH-D104","[30, 46, 64]",resolved
Harbor Grove Behavioral Health,HG-M042,HG-E110,departure,11:15,"correction BH-D103 replaces BH-D102; BH-D104 is a retransmission of the pre-correction value, no new evidence","[31, 47, 65]",resolved
Harbor Grove Behavioral Health,HG-M042,HG-E110,encounter,HG-E110,"stated by BH-D101, BH-D102, BH-D103, BH-D104","[8, 25, 43, 59]",resolved
Harbor Grove Behavioral Health,HG-M042,HG-E110,scheduled_end,11:30,"stated by BH-D101, BH-D102, BH-D104","[12, 29, 63]",resolved
Harbor Grove Behavioral Health,HG-M042,HG-E110,scheduled_start,10:00,"stated by BH-D101, BH-D102, BH-D104","[11, 28, 62]",resolved
Harbor Grove Behavioral Health,HG-M042,HG-E110,service_date,2026-01-19,"stated by BH-D101, BH-D102, BH-D103, BH-D104","[9, 26, 44, 60]",resolved
Harbor Grove Behavioral Health,HG-M042,HG-E110,service_type,group,"stated by BH-D101, BH-D102, BH-D103, BH-D104","[10, 27, 45, 61]",resolved
Harbor Grove Behavioral Health,HG-M042,HG-E110,status,attended,"stated by BH-D101, BH-D102, BH-D104","[13, 32, 66]",resolved
Harbor Grove Behavioral Health,HG-M042,HG-E110,summary:BH-D101,"Skills group on recognizing the sequence of trigger, anxious prediction, physical activation, and avoidance, using a worked example and practice selecting a small approach behavior. Rowan Mercer followed the exercise initially but became visibly tense when discussion turned to returning to the workplace and said it felt difficult to manage; the facilitator offered grounding and arranged a same-day individual meeting with the treating clinician.",stated by BH-D101,[15],resolved
Harbor Grove Behavioral Health,HG-M042,HG-E110,summary:BH-D104,"Rowan attended the opening check-in, accepted the exercise handout, and requested additional help from the individual clinician. Group content is recorded separately.",stated by BH-D104,[67],resolved
Harbor Grove Behavioral Health,HG-M042,HG-E111,encounter,HG-E111,stated by BH-D105,[78],resolved
Harbor Grove Behavioral Health,HG-M042,HG-E111,modality,in_person,stated by BH-D105,[81],resolved
Harbor Grove Behavioral Health,HG-M042,HG-E111,scheduled_end,11:45,stated by BH-D105,[84],resolved
Harbor Grove Behavioral Health,HG-M042,HG-E111,scheduled_start,11:15,stated by BH-D105,[83],resolved
Harbor Grove Behavioral Health,HG-M042,HG-E111,service_date,2026-01-19,stated by BH-D105,[79],resolved
Harbor Grove Behavioral Health,HG-M042,HG-E111,service_type,individual,stated by BH-D105,[80],resolved
Harbor Grove Behavioral Health,HG-M042,HG-E111,status,attended,stated by BH-D105,[82],resolved
Harbor Grove Behavioral Health,HG-M042,HG-E111,summary:BH-D105,"Individual visit added because the patient became anxious during group and needed grounding and review of coping strategies. Patient reported feeling overwhelmed by workplace demands discussed in group and worry about returning to work. Work was narrowed to drafting two sentences to a supervisor, with no requirement to send today. Patient denied current suicidal thoughts; no acute safety concern identified.",stated by BH-D105,[86],resolved
Harbor Grove Behavioral Health,HG-M042,HG-E112,encounter,HG-E112,stated by BH-D106,[95],resolved
Harbor Grove Behavioral Health,HG-M042,HG-E112,modality,video,stated by BH-D106,[98],resolved
Harbor Grove Behavioral Health,HG-M042,HG-E112,service_date,2026-01-21,stated by BH-D106,[96],resolved
Harbor Grove Behavioral Health,HG-M042,HG-E112,service_type,individual,stated by BH-D106,[97],resolved
Harbor Grove Behavioral Health,HG-M042,HG-E112,status,attended_partial,stated by BH-D106,[99],resolved
Harbor Grove Behavioral Health,HG-M042,HG-E112,summary:BH-D106,"Individual video psychotherapy addressed the patient's hesitation about sending a message about a possible gradual return to work, including checking the draft repeatedly, and practiced choosing a planned time to send it. Sleep routine was discussed after a mixed night of sleep. Connection was lost for 10 minutes and resumed under the same appointment; the patient was engaged and restated the agreed task with no urgent safety concern reported.",stated by BH-D106,[105],resolved
Harbor Grove Behavioral Health,HG-M042,HG-E113,arrival,10:30,stated by BH-D108,[144],resolved
Harbor Grove Behavioral Health,HG-M042,HG-E113,departure,11:30,stated by BH-D108,[145],resolved
Harbor Grove Behavioral Health,HG-M042,HG-E113,encounter,HG-E113,"stated by BH-D107, BH-D108","[116, 139]",resolved
Harbor Grove Behavioral Health,HG-M042,HG-E113,patient_present,10:30–11:30,stated by BH-D108,[147],resolved
Harbor Grove Behavioral Health,HG-M042,HG-E113,scheduled_end,11:30,"stated by BH-D107, BH-D108","[120, 143]",resolved
Harbor Grove Behavioral Health,HG-M042,HG-E113,scheduled_start,10:00,"stated by BH-D107, BH-D108","[119, 142]",resolved
Harbor Grove Behavioral Health,HG-M042,HG-E113,service_date,2026-01-22,"stated by BH-D107, BH-D108","[117, 140]",resolved
Harbor Grove Behavioral Health,HG-M042,HG-E113,service_type,group,"stated by BH-D107, BH-D108","[118, 141]",resolved
Harbor Grove Behavioral Health,HG-M042,HG-E113,status,attended,stated by BH-D108,[146],resolved
Harbor Grove Behavioral Health,HG-M042,HG-E113,summary:BH-D107,"Skills group addressed translating a broad intention into one observable action; members practiced reducing a complicated task to a completable action and identifying a prompting cue. Patient used opening a work calendar as an example and voiced concern that seeing outstanding items would be overwhelming; facilitator encouraged a limited, planned review period and a stopping point. Patient contributed an example after the break.",stated by BH-D107,[121],resolved
Harbor Grove Behavioral Health,HG-M042,HG-E114,encounter,HG-E114,stated by BH-D109,[180],resolved
Harbor Grove Behavioral Health,HG-M042,HG-E114,patient_present,false,stated by BH-D109,[186],resolved
Harbor Grove Behavioral Health,HG-M042,HG-E114,scheduled_end,09:20,stated by BH-D109,[184],resolved
Harbor Grove Behavioral Health,HG-M042,HG-E114,scheduled_start,09:00,stated by BH-D109,[183],resolved
Harbor Grove Behavioral Health,HG-M042,HG-E114,service_date,2026-01-23,stated by BH-D109,[181],resolved
Harbor Grove Behavioral Health,HG-M042,HG-E114,service_type,coordination,stated by BH-D109,[182],resolved
Harbor Grove Behavioral Health,HG-M042,HG-E114,status,attended,stated by BH-D109,[185],resolved
Harbor Grove Behavioral Health,HG-M042,HG-E114,summary:BH-D109,"Professional-only care coordination call between Mira Patel, LCSW, and outside social worker Daniel Shaw, with a release on file, about practical supports for a gradual return to work. No patient contact occurred, no employment determination was made, and no change to medication or psychotherapy frequency was made.",stated by BH-D109,[187],resolved
Harbor Grove Behavioral Health,HG-M042,HG-E115,encounter,HG-E115,"stated by BH-D110, BH-D111","[196, 213]",resolved
Harbor Grove Behavioral Health,HG-M042,HG-E115,modality,in_person,"stated by BH-D110, BH-D111","[199, 216]",resolved
Harbor Grove Behavioral Health,HG-M042,HG-E115,scheduled_end,09:50,stated by BH-D111,[219],resolved
Harbor Grove Behavioral Health,HG-M042,HG-E115,scheduled_start,09:10,stated by BH-D111,[218],resolved
Harbor Grove Behavioral Health,HG-M042,HG-E115,service_date,2026-01-26,"stated by BH-D110, BH-D111","[197, 214]",resolved
Harbor Grove Behavioral Health,HG-M042,HG-E115,service_type,individual,"stated by BH-D110, BH-D111","[198, 215]",resolved
Harbor Grove Behavioral Health,HG-M042,HG-E115,status,attended,"stated by BH-D110, BH-D111","[200, 217]",resolved
Harbor Grove Behavioral Health,HG-M042,HG-E115,summary:BH-D110,"Individual psychotherapy addressing the patient's hesitation to respond to a supervisor's request for next-step discussion, with rehearsal of a brief response and a grounding cue. Sleep remained uneven and avoidance and bedtime routine continued as focus areas. No current suicidal ideation was reported.",stated by BH-D110,[202],resolved
Harbor Grove Behavioral Health,HG-M042,HG-E115,summary:BH-D111,"Individual in-person psychotherapy addressing difficulty moving from a supervisor's reply to arranging the next conversation, with anticipatory overwhelm about work issues. Rehearsed a specific, brief conversation request and a grounding exercise; patient remained uncertain about using the cue independently when anxious. Presentation consistent with ongoing anxiety, low mood, and functional difficulty around work demands; plan to continue individual and group work.",stated by BH-D111,[221],resolved
Harbor Grove Behavioral Health,HG-M042,HG-E116,encounter,HG-E116,"stated by BH-D108, BH-D112","[149, 231]",resolved
Harbor Grove Behavioral Health,HG-M042,HG-E116,scheduled_end,11:30,"stated by BH-D108, BH-D112","[153, 235]",resolved
Harbor Grove Behavioral Health,HG-M042,HG-E116,scheduled_start,10:00,"stated by BH-D108, BH-D112","[152, 234]",resolved
Harbor Grove Behavioral Health,HG-M042,HG-E116,service_date,2026-01-27,"stated by BH-D108, BH-D112","[150, 232]",resolved
Harbor Grove Behavioral Health,HG-M042,HG-E116,service_type,group,"stated by BH-D108, BH-D112","[151, 233]",resolved
Harbor Grove Behavioral Health,HG-M042,HG-E116,status,no_show,attendance_register BH-D108 outranks lower sources: BH-D112 (admin) said scheduled,"[154, 236]",resolved
Harbor Grove Behavioral Health,HG-M042,HG-E116,summary:BH-D112,Unsigned auto-generated template draft only; no clinician-documented session content. Charge CH-116 for group psychotherapy (1 group session) posted 2026-01-27 18:06.,stated by BH-D112,[237],resolved
Harbor Grove Behavioral Health,HG-M042,HG-E117,encounter,HG-E117,stated by BH-D108,[155],resolved
Harbor Grove Behavioral Health,HG-M042,HG-E117,scheduled_end,14:45,stated by BH-D108,[159],resolved
Harbor Grove Behavioral Health,HG-M042,HG-E117,scheduled_start,14:00,stated by BH-D108,[158],resolved
Harbor Grove Behavioral Health,HG-M042,HG-E117,service_date,2026-01-28,stated by BH-D108,[156],resolved
Harbor Grove Behavioral Health,HG-M042,HG-E117,service_type,individual,stated by BH-D108,[157],resolved
Harbor Grove Behavioral Health,HG-M042,HG-E117,status,patient_cancelled,stated by BH-D108,[160],resolved
Harbor Grove Behavioral Health,HG-M042,HG-E118,arrival,10:00,stated by BH-D108,[166],resolved
Harbor Grove Behavioral Health,HG-M042,HG-E118,departure,11:30,stated by BH-D108,[167],resolved
Harbor Grove Behavioral Health,HG-M042,HG-E118,encounter,HG-E118,"stated by BH-D107, BH-D108","[123, 161]",resolved
Harbor Grove Behavioral Health,HG-M042,HG-E118,patient_present,10:00–11:30,stated by BH-D108,[169],resolved
Harbor Grove Behavioral Health,HG-M042,HG-E118,scheduled_end,11:30,"stated by BH-D107, BH-D108","[127, 165]",resolved
Harbor Grove Behavioral Health,HG-M042,HG-E118,scheduled_start,10:00,"stated by BH-D107, BH-D108","[126, 164]",resolved
Harbor Grove Behavioral Health,HG-M042,HG-E118,service_date,2026-01-29,"stated by BH-D107, BH-D108","[124, 162]",resolved
Harbor Grove Behavioral Health,HG-M042,HG-E118,service_type,group,"stated by BH-D107, BH-D108","[125, 163]",resolved
Harbor Grove Behavioral Health,HG-M042,HG-E118,status,attended,stated by BH-D108,[168],resolved
Harbor Grove Behavioral Health,HG-M042,HG-E118,summary:BH-D107,"Skills group reviewed setbacks when practicing approach behaviors; members identified an initial effort, follow-through difficulties, and an adjustment. Patient reported opening the work calendar but delaying a follow-up conversation; facilitator helped identify a specific question to ask. Patient participated in paired rehearsal and accepted feedback about keeping requests brief.",stated by BH-D107,[128],resolved
Harbor Grove Behavioral Health,HG-M042,HG-E119,encounter,HG-E119,stated by BH-D113,[250],resolved
Harbor Grove Behavioral Health,HG-M042,HG-E119,modality,in_person,stated by BH-D113,[253],resolved
Harbor Grove Behavioral Health,HG-M042,HG-E119,scheduled_end,13:45,stated by BH-D113,[255],resolved
Harbor Grove Behavioral Health,HG-M042,HG-E119,scheduled_start,13:00,stated by BH-D113,[254],resolved
Harbor Grove Behavioral Health,HG-M042,HG-E119,service_date,2026-01-30,stated by BH-D113,[251],resolved
Harbor Grove Behavioral Health,HG-M042,HG-E119,service_type,family,stated by BH-D113,[252],resolved
Harbor Grove Behavioral Health,HG-M042,HG-E119,status,attended_partial,stated by BH-D113,[256],resolved
Harbor Grove Behavioral Health,HG-M042,HG-E119,summary:BH-D113,"Patient's partner Casey attended first and discussed uncertainty about when reminders helped or increased Rowan's pressure; Rowan was not present for the first 15 minutes. Rowan joined at 13:15 and, with Casey, identified a pattern of reminders about contacting work leading to withdrawal, rehearsed requesting a specific kind of help, and agreed to one planned check-in. Rowan remained anxious but could explain the first step and found a limited plan more manageable. Plan: continue current outpatient treatment plan and revisit the communication pattern.",stated by BH-D113,[260],resolved
Harbor Grove Behavioral Health,HG-M042,HG-E120,encounter,HG-E120,stated by BH-D114,[270],resolved
Harbor Grove Behavioral Health,HG-M042,HG-E120,scheduled_end,15:20,stated by BH-D114,[274],resolved
Harbor Grove Behavioral Health,HG-M042,HG-E120,scheduled_start,15:00,stated by BH-D114,[273],resolved
Harbor Grove Behavioral Health,HG-M042,HG-E120,service_date,2026-01-30,stated by BH-D114,[271],resolved
Harbor Grove Behavioral Health,HG-M042,HG-E120,service_type,medication,stated by BH-D114,[272],resolved
Harbor Grove Behavioral Health,HG-M042,HG-E120,status,attended,stated by BH-D114,[275],resolved
Harbor Grove Behavioral Health,HG-M042,HG-E120,summary:BH-D114,"Medication management follow-up for Rowan Mercer. Regimen, adherence, tolerability, and interval symptoms reviewed; patient denied current suicidal thoughts and no new acute safety issue emerged. No medication change made; continue current regimen with monitoring. No separately documented psychotherapy was provided.",stated by BH-D114,[276],resolved
Harbor Grove Behavioral Health,HG-M042,measure:BH-D002:0,completed_on,2026-01-05,stated by BH-D002,[530],resolved
Harbor Grove Behavioral Health,HG-M042,measure:BH-D002:0,score_name,PHQ-9,stated by BH-D002,[528],resolved
Harbor Grove Behavioral Health,HG-M042,measure:BH-D002:0,score_value,18,stated by BH-D002,[529],resolved
Harbor Grove Behavioral Health,HG-M042,measure:BH-D013:0,completed_on,2026-01-16,stated by BH-D013,[614],resolved
Harbor Grove Behavioral Health,HG-M042,measure:BH-D013:0,score_name,PHQ-9,stated by BH-D013,[612],resolved
Harbor Grove Behavioral Health,HG-M042,measure:BH-D013:0,score_value,14,stated by BH-D013,[613],resolved
Harbor Grove Behavioral Health,HG-M042,measure:BH-D013:0,source_form,HG-Q116,stated by BH-D013,[615],resolved
Harbor Grove Behavioral Health,HG-M042,measure:BH-D014:0,completed_on,2026-01-16,stated by BH-D014,[489],resolved
Harbor Grove Behavioral Health,HG-M042,measure:BH-D014:0,copy_of,HG-Q116,stated by BH-D014,[491],resolved
Harbor Grove Behavioral Health,HG-M042,measure:BH-D014:0,score_name,PHQ-9,stated by BH-D014,[487],resolved
Harbor Grove Behavioral Health,HG-M042,measure:BH-D014:0,score_value,14,stated by BH-D014,[488],resolved
Harbor Grove Behavioral Health,HG-M042,measure:BH-D014:0,source_form,HG-Q116,stated by BH-D014,[490],resolved
Harbor Grove Behavioral Health,HG-M042,measure:BH-D115:0,completed_on,2026-01-30,stated by BH-D115,[289],resolved
Harbor Grove Behavioral Health,HG-M042,measure:BH-D115:0,score_name,PHQ-9,stated by BH-D115,[287],resolved
Harbor Grove Behavioral Health,HG-M042,measure:BH-D115:0,score_value,10,stated by BH-D115,[288],resolved
Harbor Grove Behavioral Health,HG-M042,plan:BH-D003,effective_from,2026-01-05,stated by BH-D003,[589],resolved
Harbor Grove Behavioral Health,HG-M042,plan:BH-D003,effective_to,2026-01-30,stated by BH-D003,[590],resolved
Harbor Grove Behavioral Health,HG-M042,plan:BH-D003,min_days_per_week,3,stated by BH-D003,[591],resolved
Harbor Grove Behavioral Health,HG-M042,plan:BH-D003,min_minutes_per_week,150,stated by BH-D003,[592],resolved
Harbor Grove Behavioral Health,HG-M042,HG-E101,minutes,50,contact intervals,[],resolved
Harbor Grove Behavioral Health,HG-M042,HG-E101,minutes_with_breaks,50,contact intervals,[],resolved
Harbor Grove Behavioral Health,HG-M042,HG-E101,therapy_day,true,status attended,[],resolved
Harbor Grove Behavioral Health,HG-M042,HG-E102,minutes,45,contact intervals clipped to roster 10:15–11:15; 15 min break or no-contact time removed,[],resolved
Harbor Grove Behavioral Health,HG-M042,HG-E102,minutes_with_breaks,60,contact intervals clipped to roster 10:15–11:15; 15 min break or no-contact time removed,[],resolved
Harbor Grove Behavioral Health,HG-M042,HG-E102,therapy_day,true,status attended,[],resolved
Harbor Grove Behavioral Health,HG-M042,HG-E103,minutes,0,status no_show: no patient-present therapy,[],resolved
Harbor Grove Behavioral Health,HG-M042,HG-E103,minutes_with_breaks,0,status no_show,[],resolved
Harbor Grove Behavioral Health,HG-M042,HG-E103,therapy_day,false,status no_show,[],resolved
Harbor Grove Behavioral Health,HG-M042,HG-E104,minutes,45,contact intervals; limited to patient-present intervals,[],resolved
Harbor Grove Behavioral Health,HG-M042,HG-E104,minutes_with_breaks,45,contact intervals; limited to patient-present intervals,[],resolved
Harbor Grove Behavioral Health,HG-M042,HG-E104,therapy_day,true,status attended,[],resolved
Harbor Grove Behavioral Health,HG-M042,HG-E105,minutes,75,contact intervals clipped to roster 10:00–11:30; 15 min break or no-contact time removed,[],resolved
Harbor Grove Behavioral Health,HG-M042,HG-E105,minutes_with_breaks,90,contact intervals clipped to roster 10:00–11:30; 15 min break or no-contact time removed,[],resolved
Harbor Grove Behavioral Health,HG-M042,HG-E105,therapy_day,true,status attended,[],resolved
Harbor Grove Behavioral Health,HG-M042,HG-E106,minutes,25,contact intervals,[],resolved
Harbor Grove Behavioral Health,HG-M042,HG-E106,minutes_with_breaks,25,contact intervals,[],resolved
Harbor Grove Behavioral Health,HG-M042,HG-E106,therapy_day,true,status attended,[],resolved
Harbor Grove Behavioral Health,HG-M042,HG-E107,minutes,45,contact intervals,[],resolved
Harbor Grove Behavioral Health,HG-M042,HG-E107,minutes_with_breaks,45,contact intervals,[],resolved
Harbor Grove Behavioral Health,HG-M042,HG-E107,therapy_day,true,status attended,[],resolved
Harbor Grove Behavioral Health,HG-M042,HG-E108,minutes,0,status clinic_cancelled: no patient-present therapy,[],resolved
Harbor Grove Behavioral Health,HG-M042,HG-E108,minutes_with_breaks,0,status clinic_cancelled,[],resolved
Harbor Grove Behavioral Health,HG-M042,HG-E108,therapy_day,false,status clinic_cancelled,[],resolved
Harbor Grove Behavioral Health,HG-M042,HG-E109,minutes,,arrival or departure not stated,[],unresolved
Harbor Grove Behavioral Health,HG-M042,HG-E109,minutes_with_breaks,,arrival or departure not stated,[],unresolved
Harbor Grove Behavioral Health,HG-M042,HG-E109,therapy_day,true,status attended,[],resolved
Harbor Grove Behavioral Health,HG-M042,HG-E110,minutes,60,roster 10:00–11:15; 15 min nontherapeutic removed,[],resolved
Harbor Grove Behavioral Health,HG-M042,HG-E110,minutes_with_breaks,75,roster 10:00–11:15; 15 min nontherapeutic removed,[],resolved
Harbor Grove Behavioral Health,HG-M042,HG-E110,therapy_day,true,status attended,[],resolved
Harbor Grove Behavioral Health,HG-M042,HG-E111,minutes,30,contact intervals,[],resolved
Harbor Grove Behavioral Health,HG-M042,HG-E111,minutes_with_breaks,30,contact intervals,[],resolved
Harbor Grove Behavioral Health,HG-M042,HG-E111,therapy_day,true,status attended,[],resolved
Harbor Grove Behavioral Health,HG-M042,HG-E112,minutes,45,contact intervals; limited to patient-present intervals; 0 min nontherapeutic removed,[],resolved
Harbor Grove Behavioral Health,HG-M042,HG-E112,minutes_with_breaks,45,contact intervals; limited to patient-present intervals; 0 min nontherapeutic removed,[],resolved
Harbor Grove Behavioral Health,HG-M042,HG-E112,therapy_day,true,status attended_partial,[],resolved
Harbor Grove Behavioral Health,HG-M042,HG-E113,minutes,45,contact intervals clipped to roster 10:30–11:30; 15 min break or no-contact time removed,[],resolved
Harbor Grove Behavioral Health,HG-M042,HG-E113,minutes_with_breaks,60,contact intervals clipped to roster 10:30–11:30; 15 min break or no-contact time removed,[],resolved
Harbor Grove Behavioral Health,HG-M042,HG-E113,therapy_day,true,status attended,[],resolved
Harbor Grove Behavioral Health,HG-M042,HG-E114,minutes,,arrival or departure not stated,[],unresolved
Harbor Grove Behavioral Health,HG-M042,HG-E114,minutes_with_breaks,,arrival or departure not stated,[],unresolved
Harbor Grove Behavioral Health,HG-M042,HG-E114,therapy_day,true,status attended,[],resolved
Harbor Grove Behavioral Health,HG-M042,HG-E115,minutes,,contact intervals differ between documents: BH-D110 says 09:00–09:50; BH-D111 says 09:10–09:50,[],unresolved
Harbor Grove Behavioral Health,HG-M042,HG-E115,minutes_range,40-50,min and max over the conflicting records,[],unresolved
Harbor Grove Behavioral Health,HG-M042,HG-E115,therapy_day,true,status attended,[],resolved
Harbor Grove Behavioral Health,HG-M042,HG-E116,minutes,0,status no_show: no patient-present therapy,[],resolved
Harbor Grove Behavioral Health,HG-M042,HG-E116,minutes_with_breaks,0,status no_show,[],resolved
Harbor Grove Behavioral Health,HG-M042,HG-E116,therapy_day,false,status no_show,[],resolved
Harbor Grove Behavioral Health,HG-M042,HG-E117,minutes,0,status patient_cancelled: no patient-present therapy,[],resolved
Harbor Grove Behavioral Health,HG-M042,HG-E117,minutes_with_breaks,0,status patient_cancelled,[],resolved
Harbor Grove Behavioral Health,HG-M042,HG-E117,therapy_day,false,status patient_cancelled,[],resolved
Harbor Grove Behavioral Health,HG-M042,HG-E118,minutes,75,contact intervals clipped to roster 10:00–11:30; 15 min break or no-contact time removed,[],resolved
Harbor Grove Behavioral Health,HG-M042,HG-E118,minutes_with_breaks,90,contact intervals clipped to roster 10:00–11:30; 15 min break or no-contact time removed,[],resolved
Harbor Grove Behavioral Health,HG-M042,HG-E118,therapy_day,true,status attended,[],resolved
Harbor Grove Behavioral Health,HG-M042,HG-E119,minutes,30,contact intervals; limited to patient-present intervals; 0 min nontherapeutic removed,[],resolved
Harbor Grove Behavioral Health,HG-M042,HG-E119,minutes_with_breaks,30,contact intervals; limited to patient-present intervals; 0 min nontherapeutic removed,[],resolved
Harbor Grove Behavioral Health,HG-M042,HG-E119,therapy_day,true,status attended_partial,[],resolved
Harbor Grove Behavioral Health,HG-M042,HG-E120,minutes,,arrival or departure not stated,[],unresolved
Harbor Grove Behavioral Health,HG-M042,HG-E120,minutes_with_breaks,,arrival or departure not stated,[],unresolved
Harbor Grove Behavioral Health,HG-M042,HG-E120,therapy_day,true,status attended,[],resolved
Harbor Grove Behavioral Health,HG-M042,HG-E101,documents,"BH-D002,BH-D006",2 document(s) describe this encounter,[],resolved
Harbor Grove Behavioral Health,HG-M042,HG-E102,documents,"BH-D004,BH-D005,BH-D006",3 document(s) describe this encounter,[],resolved
Harbor Grove Behavioral Health,HG-M042,HG-E103,documents,"BH-D006,BH-D015",2 document(s) describe this encounter,[],resolved
Harbor Grove Behavioral Health,HG-M042,HG-E104,documents,"BH-D006,BH-D007,BH-D008",3 document(s) describe this encounter,[],resolved
Harbor Grove Behavioral Health,HG-M042,HG-E105,documents,"BH-D005,BH-D006,BH-D009",3 document(s) describe this encounter,[],resolved
Harbor Grove Behavioral Health,HG-M042,HG-E106,documents,"BH-D006,BH-D010",2 document(s) describe this encounter,[],resolved
Harbor Grove Behavioral Health,HG-M042,HG-E107,documents,"BH-D006,BH-D011",2 document(s) describe this encounter,[],resolved
Harbor Grove Behavioral Health,HG-M042,HG-E108,documents,"BH-D006,BH-D016",2 document(s) describe this encounter,[],resolved
Harbor Grove Behavioral Health,HG-M042,HG-E109,documents,"BH-D006,BH-D012",2 document(s) describe this encounter,[],resolved
Harbor Grove Behavioral Health,HG-M042,HG-E110,documents,"BH-D101,BH-D102,BH-D103,BH-D104",4 document(s) describe this encounter,[],resolved
Harbor Grove Behavioral Health,HG-M042,HG-E111,documents,BH-D105,1 document(s) describe this encounter,[],resolved
Harbor Grove Behavioral Health,HG-M042,HG-E112,documents,BH-D106,1 document(s) describe this encounter,[],resolved
Harbor Grove Behavioral Health,HG-M042,HG-E113,documents,"BH-D107,BH-D108",2 document(s) describe this encounter,[],resolved
Harbor Grove Behavioral Health,HG-M042,HG-E114,documents,BH-D109,1 document(s) describe this encounter,[],resolved
Harbor Grove Behavioral Health,HG-M042,HG-E115,documents,"BH-D110,BH-D111",2 document(s) describe this encounter,[],resolved
Harbor Grove Behavioral Health,HG-M042,HG-E116,documents,"BH-D108,BH-D112",2 document(s) describe this encounter,[],resolved
Harbor Grove Behavioral Health,HG-M042,HG-E117,documents,BH-D108,1 document(s) describe this encounter,[],resolved
Harbor Grove Behavioral Health,HG-M042,HG-E118,documents,"BH-D107,BH-D108",2 document(s) describe this encounter,[],resolved
Harbor Grove Behavioral Health,HG-M042,HG-E119,documents,BH-D113,1 document(s) describe this encounter,[],resolved
Harbor Grove Behavioral Health,HG-M042,HG-E120,documents,BH-D114,1 document(s) describe this encounter,[],resolved
Harbor Grove Behavioral Health,HG-M042,measure:BH-D002:0,distinct,true,first record of this score on this date,[],resolved
Harbor Grove Behavioral Health,HG-M042,measure:BH-D013:0,distinct,true,first record of this score on this date,[],resolved
Harbor Grove Behavioral Health,HG-M042,measure:BH-D014:0,distinct,false,"copy of measure:BH-D013:0: same instrument and completion date, no new assessment",[],resolved
Harbor Grove Behavioral Health,HG-M042,measure:BH-D115:0,distinct,true,first record of this score on this date,[],resolved
Harbor Grove Behavioral Health,HG-M042,HG-E101,contact_interval,"[""09:00\u201309:50""]",stated by BH-D002,[526],resolved
Harbor Grove Behavioral Health,HG-M042,HG-E102,contact_interval,"[""10:00\u201310:45"", ""11:00\u201311:30""]",stated by BH-D004,"[458, 459]",resolved
Harbor Grove Behavioral Health,HG-M042,HG-E102,nontherapeutic_interval,"[""10:45\u201311:00""]",stated by BH-D004,[460],resolved
Harbor Grove Behavioral Health,HG-M042,HG-E102,patient_present_interval,"[""10:15\u201311:15""]",stated by BH-D005,[367],resolved
Harbor Grove Behavioral Health,HG-M042,HG-E104,contact_interval,"[""14:00\u201314:45""]","stated by BH-D007, BH-D008","[392, 411]",resolved
Harbor Grove Behavioral Health,HG-M042,HG-E104,patient_present_interval,"[""14:00\u201314:45""]","stated by BH-D007, BH-D008","[393, 412]",resolved
Harbor Grove Behavioral Health,HG-M042,HG-E105,contact_interval,"[""10:00\u201311:30""]","stated by BH-D005, BH-D009","[376, 479]",resolved
Harbor Grove Behavioral Health,HG-M042,HG-E105,nontherapeutic_interval,"[""10:40\u201310:55""]",stated by BH-D009,[478],resolved
Harbor Grove Behavioral Health,HG-M042,HG-E106,contact_interval,"[""09:00\u201309:25""]",stated by BH-D010,[548],resolved
Harbor Grove Behavioral Health,HG-M042,HG-E107,contact_interval,"[""11:00\u201311:45""]",stated by BH-D011,[508],resolved
Harbor Grove Behavioral Health,HG-M042,HG-E110,nontherapeutic_interval,"[""10:45\u201311:00""]",stated by BH-D101,[14],resolved
Harbor Grove Behavioral Health,HG-M042,HG-E111,contact_interval,"[""11:15\u201311:45""]",stated by BH-D105,[85],resolved
Harbor Grove Behavioral Health,HG-M042,HG-E112,contact_interval,"[""13:00\u201313:20"", ""13:30\u201313:55""]",stated by BH-D106,"[100, 101]",resolved
Harbor Grove Behavioral Health,HG-M042,HG-E112,nontherapeutic_interval,"[""13:20\u201313:30""]",stated by BH-D106,[104],resolved
Harbor Grove Behavioral Health,HG-M042,HG-E112,patient_present_interval,"[""13:00\u201313:20"", ""13:30\u201313:55""]",stated by BH-D106,"[102, 103]",resolved
Harbor Grove Behavioral Health,HG-M042,HG-E113,contact_interval,"[""10:30\u201311:30""]",stated by BH-D108,[148],resolved
Harbor Grove Behavioral Health,HG-M042,HG-E113,nontherapeutic_interval,"[""10:45\u201311:00""]",stated by BH-D107,[122],resolved
Harbor Grove Behavioral Health,HG-M042,HG-E115,contact_interval,"[""09:00\u201309:50"", ""09:10\u201309:50""]","stated by BH-D110, BH-D111","[201, 220]",resolved
Harbor Grove Behavioral Health,HG-M042,HG-E118,contact_interval,"[""10:00\u201311:30""]",stated by BH-D108,[170],resolved
Harbor Grove Behavioral Health,HG-M042,HG-E118,nontherapeutic_interval,"[""10:45\u201311:00""]",stated by BH-D107,[129],resolved
Harbor Grove Behavioral Health,HG-M042,HG-E119,contact_interval,"[""13:00\u201313:45""]",stated by BH-D113,[257],resolved
Harbor Grove Behavioral Health,HG-M042,HG-E119,nontherapeutic_interval,"[""13:00\u201313:15""]",stated by BH-D113,[259],resolved
Harbor Grove Behavioral Health,HG-M042,HG-E119,patient_present_interval,"[""13:15\u201313:45""]",stated by BH-D113,[258],resolved
Harbor Grove Behavioral Health,HG-M042,plan:BH-D003,counting_type,"[""individual"", ""group"", ""family""]",stated by BH-D003,"[593, 594, 595]",resolved
Harbor Grove Behavioral Health,HG-M042,plan:BH-D003,excluded_type,"[""medication"", ""collateral"", ""coordination""]",stated by BH-D003,"[596, 597, 598]",resolved
Harbor Grove Behavioral Health,HG-M042,plan:BH-D003,goal,"[""improve daily activity and task initiation"", ""improve coping with anxiety and disrupted sleep"", ""support a workable return to employment""]",stated by BH-D003,"[599, 600, 601]",resolved
